Date,Open,High,Low,Close,Vol,Weekday,Month,Year
10/1/2012,112.14,113.27,110.76,111.4,80055,Monday,Oct,2012
10/2/2012,111.4,111.7,110.55,110.55,29332,Tuesday,Oct,2012
10/3/2012,110.55,110.59,106.95,107.34,56307,Wednesday,Oct,2012
10/4/2012,107.44,111.79,107.24,111.36,61664,Thursday,Oct,2012
10/5/2012,111.27,112.09,109.64,111.13,51704,Friday,Oct,2012
10/7/2012,111.11,111.13,111.02,111.02,57,Sunday,Oct,2012
10/8/2012,110.82,111.44,109.74,111.22,40638,Monday,Oct,2012
10/9/2012,111.48,113.64,111.05,113.35,61077,Tuesday,Oct,2012
10/10/2012,113.14,114.41,112.69,113.28,68836,Wednesday,Oct,2012
10/11/2012,113.41,114.95,113.26,114.77,68708,Thursday,Oct,2012
10/12/2012,114.85,114.86,112.93,113.38,83863,Friday,Oct,2012
10/14/2012,113.55,113.65,113.12,113.12,117,Sunday,Oct,2012
10/15/2012,113.1,114.49,112.46,114.48,116194,Monday,Oct,2012
10/16/2012,114.31,114.87,113.49,113.72,101853,Tuesday,Oct,2012
10/17/2012,113.97,114.31,112.8,113.21,96473,Wednesday,Oct,2012
10/18/2012,113.12,113.63,111.57,112.44,118267,Thursday,Oct,2012
10/19/2012,112.33,113.26,109.9,110.32,144533,Friday,Oct,2012
10/21/2012,109.9,110,109.71,109.77,491,Sunday,Oct,2012
10/22/2012,109.73,110.97,109.12,109.79,134279,Monday,Oct,2012
10/23/2012,109.52,109.8,107.31,108.3,144954,Tuesday,Oct,2012
10/24/2012,108.31,109.34,106.8,107.81,129713,Wednesday,Oct,2012
10/25/2012,107.8,109.28,107.46,108.5,110423,Thursday,Oct,2012
10/26/2012,108.55,109.7,107.4,109.7,112143,Friday,Oct,2012
10/28/2012,109.55,109.8,108.99,109.19,796,Sunday,Oct,2012
10/29/2012,109.17,110.26,108.51,109.33,80825,Monday,Oct,2012
10/30/2012,109.25,110.1,108.65,109.05,69046,Tuesday,Oct,2012
10/31/2012,109.1,109.8,108.3,108.4,89904,Wednesday,Oct,2012
11/1/2012,107.42,107.87,106.74,107.5,33148,Thursday,Nov,2012
11/2/2012,107.25,107.96,104.79,104.88,37721,Friday,Nov,2012
11/4/2012,104.83,104.84,104.67,104.7,60,Sunday,Nov,2012
11/5/2012,104.72,107.3,104.09,106.97,34895,Monday,Nov,2012
11/6/2012,106.85,110.39,106.26,110.13,48232,Tuesday,Nov,2012
11/7/2012,109.77,110.69,105.74,106.05,50840,Wednesday,Nov,2012
11/8/2012,106,107.31,105.32,106.18,45946,Thursday,Nov,2012
11/9/2012,106.33,108.81,105.45,108.79,52955,Friday,Nov,2012
11/11/2012,108.6,108.65,108.3,108.3,111,Sunday,Nov,2012
11/12/2012,108.29,109.36,107.53,107.82,55669,Monday,Nov,2012
11/13/2012,107.82,108,106.56,107.3,71730,Tuesday,Nov,2012
11/14/2012,107.19,109.3,106.87,108.75,132705,Wednesday,Nov,2012
11/15/2012,108.62,109.58,107.3,107.69,155235,Thursday,Nov,2012
11/16/2012,107.69,109.25,107.66,109.02,124203,Friday,Nov,2012
11/18/2012,109.25,109.51,109.19,109.5,653,Sunday,Nov,2012
11/19/2012,109.5,112.2,109.3,111.59,134353,Monday,Nov,2012
11/20/2012,111.8,111.85,109.01,110.46,139254,Tuesday,Nov,2012
11/21/2012,110.5,111.46,109.55,111.03,105797,Wednesday,Nov,2012
11/22/2012,110.97,111.17,110.11,110.35,27573,Thursday,Nov,2012
11/23/2012,110.47,111.54,110.1,111.39,63095,Friday,Nov,2012
11/25/2012,111.21,111.48,111.16,111.35,107,Sunday,Nov,2012
11/26/2012,111.35,111.42,110.27,110.75,78941,Monday,Nov,2012
11/27/2012,111,111.36,109.31,110,102522,Tuesday,Nov,2012
11/28/2012,109.95,110.17,108.44,109.69,111464,Wednesday,Nov,2012
11/29/2012,109.7,111.3,109.45,110.4,118598,Thursday,Nov,2012
11/30/2012,110.35,111.34,110.25,111.17,84620,Friday,Nov,2012
12/2/2012,110.1,110.4,110.04,110.35,47,Sunday,Dec,2012
12/3/2012,110.3,111.35,109.69,109.9,24991,Monday,Dec,2012
12/4/2012,110.04,110.04,108.36,108.87,26665,Tuesday,Dec,2012
12/5/2012,108.92,109.65,107.72,107.97,27414,Wednesday,Dec,2012
12/6/2012,107.75,108.3,105.86,106.25,43724,Thursday,Dec,2012
12/7/2012,106.15,107.04,105.8,106.3,41750,Friday,Dec,2012
12/9/2012,106.45,106.45,106.31,106.42,15,Sunday,Dec,2012
12/10/2012,106.4,107.52,105.93,106.22,34262,Monday,Dec,2012
12/11/2012,106.18,107.17,105.98,106.8,37768,Tuesday,Dec,2012
12/12/2012,106.87,108.92,106.83,108.01,80961,Wednesday,Dec,2012
12/13/2012,107.95,108.13,106.38,106.53,81983,Thursday,Dec,2012
12/14/2012,106.62,108.4,106.55,108.4,92081,Friday,Dec,2012
12/16/2012,108.43,108.44,108.2,108.27,72,Sunday,Dec,2012
12/17/2012,108.27,108.5,107.58,107.89,67897,Monday,Dec,2012
12/18/2012,107.98,108.98,107.93,108.94,71884,Tuesday,Dec,2012
12/19/2012,108.9,110.48,108.74,110.05,93814,Wednesday,Dec,2012
12/20/2012,110.1,110.66,109.7,110.25,76539,Thursday,Dec,2012
12/21/2012,110.2,110.28,108.66,109.15,78256,Friday,Dec,2012
12/23/2012,109.2,109.22,108.89,109.02,104,Sunday,Dec,2012
12/24/2012,109,109.13,108.13,108.8,31703,Monday,Dec,2012
12/26/2012,109.15,111.52,109.13,110.71,40838,Wednesday,Dec,2012
12/27/2012,110.78,111.33,110.1,110.92,65811,Thursday,Dec,2012
12/28/2012,111.24,111.38,109.83,110.35,62956,Friday,Dec,2012
12/30/2012,110.3,110.36,110.08,110.35,77,Sunday,Dec,2012
12/31/2012,110.37,111.34,109.38,111.11,57624,Monday,Dec,2012
1/2/2013,110.15,111.6,110.11,111.4,31556,Wednesday,Jan,2013
1/3/2013,111.3,111.3,110.43,110.56,27823,Thursday,Jan,2013
1/4/2013,110.73,110.73,109.14,110.15,33969,Friday,Jan,2013
1/6/2013,110.11,110.27,110.11,110.22,53,Sunday,Jan,2013
1/7/2013,110.25,110.69,109.36,110.59,31082,Monday,Jan,2013
1/8/2013,110,111.36,110,111.14,35976,Tuesday,Jan,2013
1/9/2013,110.99,111.25,110.24,110.81,43859,Wednesday,Jan,2013
1/10/2013,110.89,112.34,110.71,110.99,71151,Thursday,Jan,2013
1/11/2013,111.08,111.09,108.9,109.84,81223,Friday,Jan,2013
1/13/2013,109.81,109.86,109.7,109.82,12,Sunday,Jan,2013
1/14/2013,109.82,111.22,109.46,111.14,73397,Monday,Jan,2013
1/15/2013,110.95,111.49,109.52,109.62,101957,Tuesday,Jan,2013
1/16/2013,109.76,110.35,109.33,109.91,99526,Wednesday,Jan,2013
1/17/2013,109.74,111.38,109.45,110.92,104459,Thursday,Jan,2013
1/18/2013,111.1,111.97,110.47,111.67,90755,Friday,Jan,2013
1/20/2013,111.67,111.8,111.64,111.79,48,Sunday,Jan,2013
1/21/2013,111.79,111.99,111.41,111.76,33451,Monday,Jan,2013
1/22/2013,111.71,112.65,111.35,112.46,103854,Tuesday,Jan,2013
1/23/2013,112.42,113.15,112.06,112.79,113976,Wednesday,Jan,2013
1/24/2013,112.76,113.65,112.4,113.36,103146,Thursday,Jan,2013
1/25/2013,113.28,113.84,112.83,113.4,95230,Friday,Jan,2013
1/27/2013,113.4,113.4,113.31,113.32,48,Sunday,Jan,2013
1/28/2013,113.33,113.8,112.6,113.4,99327,Monday,Jan,2013
1/29/2013,113.48,114.49,113.07,114.2,112050,Tuesday,Jan,2013
1/30/2013,114.28,115.24,114.07,114.95,103816,Wednesday,Jan,2013
1/31/2013,114.91,115.76,114.28,114.56,102198,Thursday,Jan,2013
2/1/2013,114.9,116.1,114.39,115.63,39605,Friday,Feb,2013
2/3/2013,115.61,115.61,115.46,115.48,7,Sunday,Feb,2013
2/4/2013,115.41,115.67,114.44,114.72,31537,Monday,Feb,2013
2/5/2013,114.56,116.23,114.1,115.59,39863,Tuesday,Feb,2013
2/6/2013,115.53,116.16,114.82,115.97,39682,Wednesday,Feb,2013
2/7/2013,116.02,116.93,115.8,116.7,61448,Thursday,Feb,2013
2/8/2013,116.6,118.19,116.37,117.81,60458,Friday,Feb,2013
2/10/2013,117.79,117.85,117.74,117.82,14,Sunday,Feb,2013
2/11/2013,117.8,117.98,116.52,117.2,66346,Monday,Feb,2013
2/12/2013,117.35,118,116.88,117.8,82906,Tuesday,Feb,2013
2/13/2013,117.75,118.27,117.37,118,118224,Wednesday,Feb,2013
2/14/2013,117.89,118.29,117.25,118.04,103961,Thursday,Feb,2013
2/15/2013,117.96,118.11,116.28,117.97,135644,Friday,Feb,2013
2/17/2013,117.9,117.91,117.74,117.76,47,Sunday,Feb,2013
2/18/2013,117.76,118.19,116.92,117.4,30571,Monday,Feb,2013
2/19/2013,117.5,117.6,116.55,117.2,83254,Tuesday,Feb,2013
2/20/2013,117.35,117.66,115.02,115.1,137176,Wednesday,Feb,2013
2/21/2013,115.15,115.31,113.32,113.65,154441,Thursday,Feb,2013
2/22/2013,113.6,114.79,113.6,114.3,106075,Friday,Feb,2013
2/24/2013,114.29,114.3,114.11,114.3,25,Sunday,Feb,2013
2/25/2013,114.16,115.87,113.31,113.34,122617,Monday,Feb,2013
2/26/2013,113.64,114.34,112.41,112.99,160497,Tuesday,Feb,2013
2/27/2013,112.8,113.35,111.65,112,133044,Wednesday,Feb,2013
2/28/2013,112.08,112.57,110.87,111,119371,Thursday,Feb,2013
3/1/2013,109.9,110.35,108.88,109.59,37999,Friday,Mar,2013
3/3/2013,109.41,109.41,109.33,109.36,12,Sunday,Mar,2013
3/4/2013,109.31,109.82,108.56,109.02,30320,Monday,Mar,2013
3/5/2013,109.21,110.95,109.21,110.94,31345,Tuesday,Mar,2013
3/6/2013,110.92,111.29,109.6,109.98,35753,Wednesday,Mar,2013
3/7/2013,110.13,110.54,109.6,110.07,33861,Thursday,Mar,2013
3/8/2013,110.07,110.51,108.6,110.25,51481,Friday,Mar,2013
3/10/2013,110.05,110.1,109.8,109.89,35,Sunday,Mar,2013
3/11/2013,109.89,110.09,109.02,109.48,48003,Monday,Mar,2013
3/12/2013,109.54,110.71,108.9,109.13,81782,Tuesday,Mar,2013
3/13/2013,109.3,109.5,107.66,108.18,135556,Wednesday,Mar,2013
3/14/2013,108.08,109.43,107.85,109.34,124797,Thursday,Mar,2013
3/15/2013,109.38,110.53,109.02,110.05,95104,Friday,Mar,2013
3/17/2013,109.81,109.81,108.55,108.9,1681,Sunday,Mar,2013
3/18/2013,108.9,109.68,107.78,109.4,110924,Monday,Mar,2013
3/19/2013,109.44,109.54,107.25,107.46,135982,Tuesday,Mar,2013
3/20/2013,107.59,108.92,107.55,108.58,107055,Wednesday,Mar,2013
3/21/2013,108.49,108.75,107.08,107.2,114538,Thursday,Mar,2013
3/22/2013,107.33,107.96,106.9,107.5,96935,Friday,Mar,2013
3/24/2013,107.36,107.8,107.31,107.8,125,Sunday,Mar,2013
3/25/2013,107.84,109.07,107.27,108.18,125313,Monday,Mar,2013
3/26/2013,108.11,109.59,107.71,109.4,106884,Tuesday,Mar,2013
3/27/2013,109.35,109.98,108.85,109.84,110196,Wednesday,Mar,2013
3/28/2013,109.87,110.1,108.98,109.77,94671,Thursday,Mar,2013
3/31/2013,109.98,110.2,109.84,109.89,200,Sunday,Mar,2013
4/1/2013,109.91,111.05,109.14,110.76,19832,Monday,Apr,2013
4/2/2013,110.66,111.53,109.8,110.34,45650,Tuesday,Apr,2013
4/3/2013,110.14,110.3,106.59,106.89,66065,Wednesday,Apr,2013
4/4/2013,106.88,107.85,105.1,106.27,76394,Thursday,Apr,2013
4/5/2013,106.18,106.48,103.68,104.38,61951,Friday,Apr,2013
4/7/2013,104.31,104.46,104.31,104.46,23,Sunday,Apr,2013
4/8/2013,104.36,105.58,103.65,104.9,62262,Monday,Apr,2013
4/9/2013,104.83,106.41,104.36,106.15,67850,Tuesday,Apr,2013
4/10/2013,106.08,106.38,105.25,105.65,62221,Wednesday,Apr,2013
4/11/2013,105.52,106,103.87,104.41,82125,Thursday,Apr,2013
4/12/2013,104.45,104.53,101.21,102.85,164660,Friday,Apr,2013
4/14/2013,103.04,103.05,102.8,102.87,26,Sunday,Apr,2013
4/15/2013,102.72,102.81,99.12,99.31,185555,Monday,Apr,2013
4/16/2013,99.1,100.37,98,100.1,168332,Tuesday,Apr,2013
4/17/2013,100.09,100.46,97.26,97.4,173597,Wednesday,Apr,2013
4/18/2013,97.42,99.85,96.75,99.6,176954,Thursday,Apr,2013
4/19/2013,99.44,100.33,99.04,99.53,110128,Friday,Apr,2013
4/21/2013,99.3,99.47,99.3,99.47,34,Sunday,Apr,2013
4/22/2013,99.46,101.04,99.2,100.37,119371,Monday,Apr,2013
4/23/2013,100.56,100.59,98.78,100.5,134738,Tuesday,Apr,2013
4/24/2013,100.33,101.99,100.22,101.82,116482,Wednesday,Apr,2013
4/25/2013,101.9,103.49,101.35,103.11,119721,Thursday,Apr,2013
4/26/2013,103.2,103.48,102.25,102.85,95659,Friday,Apr,2013
4/28/2013,102.86,102.86,102.71,102.75,35,Sunday,Apr,2013
4/29/2013,102.75,103.94,102.57,103.76,98769,Monday,Apr,2013
4/30/2013,103.83,104,101.48,101.74,131813,Tuesday,Apr,2013
5/1/2013,101.51,101.97,98.32,99.37,39081,Wednesday,May,2013
5/2/2013,99.35,102.47,99.26,102.33,34378,Thursday,May,2013
5/3/2013,102.28,104.36,101.85,103.71,39621,Friday,May,2013
5/5/2013,103.87,104.7,103.87,104.7,63,Sunday,May,2013
5/6/2013,104.68,105.1,103.45,104.99,26082,Monday,May,2013
5/7/2013,104.9,105.42,103.65,103.75,45203,Tuesday,May,2013
5/8/2013,103.81,104.48,103.16,104.02,49867,Wednesday,May,2013
5/9/2013,104.07,104.26,103.18,104.1,41083,Thursday,May,2013
5/10/2013,104.03,104.2,101.39,103.38,71380,Friday,May,2013
5/12/2013,103.38,103.38,103.2,103.37,37,Sunday,May,2013
5/13/2013,103.35,103.43,102.09,102.64,62959,Monday,May,2013
5/14/2013,102.64,102.9,101.92,102.53,83237,Tuesday,May,2013
5/15/2013,102.54,103.65,100.92,103.65,157881,Wednesday,May,2013
5/16/2013,103.51,104.28,102.74,103.84,127771,Thursday,May,2013
5/17/2013,103.73,104.87,103.35,104.72,100917,Friday,May,2013
5/19/2013,104.68,104.74,104.39,104.6,170,Sunday,May,2013
5/20/2013,104.63,105.31,103.83,104.79,77269,Monday,May,2013
5/21/2013,104.82,105.15,103.51,103.63,84813,Tuesday,May,2013
5/22/2013,103.53,103.79,102.23,102.32,92487,Wednesday,May,2013
5/23/2013,102.28,102.68,100.64,102.66,119690,Thursday,May,2013
5/24/2013,102.52,102.79,101.65,102.78,65423,Friday,May,2013
5/26/2013,102.59,102.59,102.11,102.16,244,Sunday,May,2013
5/27/2013,102.18,102.65,102.1,102.5,10471,Monday,May,2013
5/28/2013,102.58,104.69,102.48,104.35,139845,Tuesday,May,2013
5/29/2013,104.24,104.37,102.17,102.18,135479,Wednesday,May,2013
5/30/2013,102.31,102.85,101.08,102.24,158856,Thursday,May,2013
5/31/2013,102.14,102.38,100.03,100.15,136075,Friday,May,2013
6/2/2013,99.8,99.83,99.66,99.72,25,Sunday,Jun,2013
6/3/2013,99.72,102.21,99.47,101.9,50569,Monday,Jun,2013
6/4/2013,101.78,103.25,101.21,103.18,32346,Tuesday,Jun,2013
6/5/2013,103.06,103.76,102.53,102.63,34920,Wednesday,Jun,2013
6/6/2013,102.52,103.68,102.51,103.19,32468,Thursday,Jun,2013
6/7/2013,103.27,104.8,102.65,104.48,58800,Friday,Jun,2013
6/9/2013,104.5,104.54,104.43,104.54,41,Sunday,Jun,2013
6/10/2013,104.47,104.59,103.63,103.74,47957,Monday,Jun,2013
6/11/2013,103.79,103.84,101.88,102.64,98030,Tuesday,Jun,2013
6/12/2013,102.55,104.18,102.25,103.49,116804,Wednesday,Jun,2013
6/13/2013,103.44,105.13,102.78,104.95,127311,Thursday,Jun,2013
6/14/2013,104.88,106.64,104.46,105.84,137472,Friday,Jun,2013
6/16/2013,105.81,105.93,105.77,105.86,127,Sunday,Jun,2013
6/17/2013,105.85,106.67,105.28,105.62,102315,Monday,Jun,2013
6/18/2013,105.66,106.24,105.11,106.1,87180,Tuesday,Jun,2013
6/19/2013,106.1,106.59,105.45,105.87,91241,Wednesday,Jun,2013
6/20/2013,105.4,105.51,101.75,102.06,217939,Thursday,Jun,2013
6/21/2013,101.99,103.09,100.04,101.09,206646,Friday,Jun,2013
6/23/2013,100.68,100.68,100.53,100.63,160,Sunday,Jun,2013
6/24/2013,100.64,101.64,99.68,101.07,178314,Monday,Jun,2013
6/25/2013,101,102.07,100.7,101.17,128249,Tuesday,Jun,2013
6/26/2013,101.07,101.89,100.25,101.8,146880,Wednesday,Jun,2013
6/27/2013,101.7,103.34,101.66,102.65,113630,Thursday,Jun,2013
6/28/2013,102.7,103.44,101.87,101.99,115425,Friday,Jun,2013
6/30/2013,102.15,102.15,101.5,101.5,69,Sunday,Jun,2013
7/1/2013,101.49,103.21,101.23,102.52,37341,Monday,Jul,2013
7/2/2013,102.49,103.58,102.4,103.41,29009,Tuesday,Jul,2013
7/3/2013,103.82,105.48,103.82,105.21,46042,Wednesday,Jul,2013
7/4/2013,105.1,105.44,104.3,104.84,17813,Thursday,Jul,2013
7/5/2013,104.9,107.12,104.78,107.06,50517,Friday,Jul,2013
7/7/2013,107.1,107.3,107.05,107.23,107,Sunday,Jul,2013
7/8/2013,107.23,107.32,106.09,106.49,36065,Monday,Jul,2013
7/9/2013,106.44,107.48,106.13,107.35,38654,Tuesday,Jul,2013
7/10/2013,107.04,107.9,106.95,107.34,55033,Wednesday,Jul,2013
7/11/2013,107.53,108.06,106.35,106.64,71535,Thursday,Jul,2013
7/12/2013,106.67,108.2,106.63,108.2,85222,Friday,Jul,2013
7/14/2013,107.93,108.13,107.89,107.94,138,Sunday,Jul,2013
7/15/2013,107.99,108.27,107.11,108.08,88531,Monday,Jul,2013
7/16/2013,108.15,108.68,107.68,107.93,115560,Tuesday,Jul,2013
7/17/2013,107.89,108.74,107.3,108.74,98526,Wednesday,Jul,2013
7/18/2013,108.51,108.87,108.03,108.83,112686,Thursday,Jul,2013
7/19/2013,108.73,109.18,107.01,108.3,118431,Friday,Jul,2013
7/21/2013,108.43,108.49,108.27,108.45,211,Sunday,Jul,2013
7/22/2013,108.45,108.68,107.55,108.16,103043,Monday,Jul,2013
7/23/2013,108.26,108.63,107.56,108.41,96527,Tuesday,Jul,2013
7/24/2013,108.49,108.6,106.25,107.05,122952,Wednesday,Jul,2013
7/25/2013,107.04,107.87,106.54,107.65,97183,Thursday,Jul,2013
7/26/2013,107.6,107.79,106.53,107.19,72621,Friday,Jul,2013
7/28/2013,107.19,107.4,107.15,107.34,375,Sunday,Jul,2013
7/29/2013,107.31,107.89,106.6,107.51,99761,Monday,Jul,2013
7/30/2013,107.4,107.56,106.54,106.84,86604,Tuesday,Jul,2013
7/31/2013,106.76,107.95,105.73,107.7,115591,Wednesday,Jul,2013
8/1/2013,106.91,108.74,106.73,108.51,37382,Thursday,Aug,2013
8/2/2013,108.58,109.17,107.54,108.07,24617,Friday,Aug,2013
8/4/2013,107.92,108.1,107.92,108.05,21,Sunday,Aug,2013
8/5/2013,108.05,108.56,106.69,107.71,31421,Monday,Aug,2013
8/6/2013,107.76,108.27,106.5,107.19,39292,Tuesday,Aug,2013
8/7/2013,106.94,107.05,105.89,106.08,41376,Wednesday,Aug,2013
8/8/2013,106.11,106.57,104.59,105.5,43202,Thursday,Aug,2013
8/9/2013,105.5,106.95,105.27,106.87,43960,Friday,Aug,2013
8/11/2013,106.8,106.88,106.73,106.8,250,Sunday,Aug,2013
8/12/2013,106.76,107.9,106.28,107.86,59552,Monday,Aug,2013
8/13/2013,107.84,108.7,107.71,108.1,78638,Tuesday,Aug,2013
8/14/2013,108.18,108.98,107.78,108.96,95485,Wednesday,Aug,2013
8/15/2013,108.98,110.05,108.9,109.32,113211,Thursday,Aug,2013
8/16/2013,109.54,110.7,109.17,110.42,101308,Friday,Aug,2013
8/18/2013,110.43,110.53,110.16,110.27,154,Sunday,Aug,2013
8/19/2013,110.25,111,109.59,109.59,99020,Monday,Aug,2013
8/20/2013,109.77,110.73,108.61,110.15,138232,Tuesday,Aug,2013
8/21/2013,110.06,110.28,109.23,109.73,93316,Wednesday,Aug,2013
8/22/2013,109.69,110.15,109.4,110,79424,Thursday,Aug,2013
8/23/2013,109.93,111.23,109.77,111.05,106631,Friday,Aug,2013
8/25/2013,111.22,111.68,110.98,111.09,677,Sunday,Aug,2013
8/26/2013,111.17,111.35,110.5,110.93,54916,Monday,Aug,2013
8/27/2013,111.06,115.29,110.73,115.29,154361,Tuesday,Aug,2013
8/28/2013,115.41,117.34,114.81,116.33,165773,Wednesday,Aug,2013
8/29/2013,116.02,117.04,114.18,114.44,140331,Thursday,Aug,2013
8/30/2013,114.22,115.53,113.63,114.45,135515,Friday,Aug,2013
9/1/2013,112.2,112.2,110.9,110.9,189,Sunday,Sep,2013
9/2/2013,110.9,112.82,110.52,112.44,18324,Monday,Sep,2013
9/3/2013,112.54,114.05,112.3,113.7,44500,Tuesday,Sep,2013
9/4/2013,113.82,114.15,112.6,113.23,37762,Wednesday,Sep,2013
9/5/2013,113.15,113.9,112.73,113.7,33772,Thursday,Sep,2013
9/6/2013,113.64,114.85,113.32,114.1,40076,Friday,Sep,2013
9/8/2013,114.23,114.23,113.98,113.99,40,Sunday,Sep,2013
9/9/2013,113.89,114.44,111.66,111.77,60742,Monday,Sep,2013
9/10/2013,111.5,112.17,109.38,109.96,87285,Tuesday,Sep,2013
9/11/2013,110,111.18,109.7,110.29,72564,Wednesday,Sep,2013
9/12/2013,110.28,111.96,110,111.89,99137,Thursday,Sep,2013
9/13/2013,111.8,111.88,110.55,111.79,92158,Friday,Sep,2013
9/15/2013,111.24,111.24,110.25,110.71,1033,Sunday,Sep,2013
9/16/2013,110.71,111.49,108.73,109.82,139056,Monday,Sep,2013
9/17/2013,109.6,110,107.41,107.75,119714,Tuesday,Sep,2013
9/18/2013,107.79,111.06,107.64,110.74,109853,Wednesday,Sep,2013
9/19/2013,110.94,111.26,108.52,108.82,123580,Thursday,Sep,2013
9/20/2013,108.61,109.67,108.4,109.35,98996,Friday,Sep,2013
9/22/2013,109.22,109.24,109,109,76,Sunday,Sep,2013
9/23/2013,109,109.45,107.76,108,94842,Monday,Sep,2013
9/24/2013,107.98,108.9,107.43,108.77,101589,Tuesday,Sep,2013
9/25/2013,108.75,110.09,107.89,108.06,115747,Wednesday,Sep,2013
9/26/2013,108.06,109.26,108.01,109.22,85205,Thursday,Sep,2013
9/27/2013,109,109.67,108.1,108.43,112755,Friday,Sep,2013
9/29/2013,108.2,108.29,107.92,107.93,286,Sunday,Sep,2013
9/30/2013,107.99,108.68,107.22,108.2,100001,Monday,Sep,2013
10/1/2013,107.42,107.49,106,106.92,54224,Tuesday,Oct,2013
10/2/2013,106.74,108.57,106.63,108.03,48563,Wednesday,Oct,2013
10/3/2013,108,108.91,107.66,107.69,45632,Thursday,Oct,2013
10/4/2013,107.79,108.85,107.68,108.46,40420,Friday,Oct,2013
10/6/2013,108.34,108.34,108.24,108.31,40,Sunday,Oct,2013
10/7/2013,108.36,109.3,107.09,108.74,57392,Monday,Oct,2013
10/8/2013,108.8,109.97,108.54,109.42,51984,Tuesday,Oct,2013
10/9/2013,109.4,109.47,107.39,108.25,66339,Wednesday,Oct,2013
10/10/2013,108.24,111.15,108.13,110.87,104147,Thursday,Oct,2013
10/11/2013,110.77,110.98,109.73,110.29,74301,Friday,Oct,2013
10/13/2013,109.98,110.15,109.9,110.02,153,Sunday,Oct,2013
10/14/2013,110.02,110.59,109.1,110.18,63020,Monday,Oct,2013
10/15/2013,110.21,110.48,108.84,109,78327,Tuesday,Oct,2013
10/16/2013,109.2,111.3,109.05,110.49,111973,Wednesday,Oct,2013
10/17/2013,110.52,110.66,108.71,109,134079,Thursday,Oct,2013
10/18/2013,109.1,110.24,108.96,109.94,96386,Friday,Oct,2013
10/20/2013,110,110.05,109.92,109.94,243,Sunday,Oct,2013
10/21/2013,110.02,110.19,109.21,109.77,94378,Monday,Oct,2013
10/22/2013,109.76,110.94,109.57,110.06,126724,Tuesday,Oct,2013
10/23/2013,109.99,110.06,107.35,107.65,172536,Wednesday,Oct,2013
10/24/2013,107.67,108.26,106.9,106.99,128722,Thursday,Oct,2013
10/25/2013,107.09,107.39,106.27,107.06,106059,Friday,Oct,2013
10/27/2013,107.01,107.08,106.85,106.93,198,Sunday,Oct,2013
10/28/2013,106.97,109.68,106.91,109.42,144889,Monday,Oct,2013
10/29/2013,109.35,109.46,108.45,108.81,96008,Tuesday,Oct,2013
10/30/2013,108.76,110.16,108.59,109.77,116771,Wednesday,Oct,2013
10/31/2013,109.69,109.87,108.55,108.9,118046,Thursday,Oct,2013
11/1/2013,108.78,109.17,105.75,106.05,42386,Friday,Nov,2013
11/3/2013,105.88,105.88,105.8,105.8,3,Sunday,Nov,2013
11/4/2013,105.88,106.53,105.14,105.94,34800,Monday,Nov,2013
11/5/2013,106.19,106.4,105.15,105.65,32550,Tuesday,Nov,2013
11/6/2013,105.37,106.34,104.9,104.99,39782,Wednesday,Nov,2013
11/7/2013,105.08,105.32,103.45,103.55,65905,Thursday,Nov,2013
11/8/2013,103.63,105.3,103.13,105.04,76143,Friday,Nov,2013
11/10/2013,105.03,105.44,105.03,105.44,344,Sunday,Nov,2013
11/11/2013,105.43,106.34,105.1,106.34,60220,Monday,Nov,2013
11/12/2013,106.21,107.1,105.26,105.82,89123,Tuesday,Nov,2013
11/13/2013,105.61,107.18,105.58,106.92,114281,Wednesday,Nov,2013
11/14/2013,106.83,108.95,106.83,108.4,155412,Thursday,Nov,2013
11/15/2013,108.38,108.65,107.69,108.5,101669,Friday,Nov,2013
11/17/2013,108.47,108.49,108.3,108.35,22,Sunday,Nov,2013
11/18/2013,108.29,108.73,107.53,108.3,104836,Monday,Nov,2013
11/19/2013,108.3,108.63,106.81,107.07,122897,Tuesday,Nov,2013
11/20/2013,107.2,108.38,106.51,107.92,123840,Wednesday,Nov,2013
11/21/2013,107.76,110.25,107.62,110.15,135833,Thursday,Nov,2013
11/22/2013,110.07,111.4,109.65,110.49,172979,Friday,Nov,2013
11/24/2013,109.45,109.45,108.31,108.77,3789,Sunday,Nov,2013
11/25/2013,108.76,111.66,108.05,111.05,188986,Monday,Nov,2013
11/26/2013,111.08,111.49,110.41,111.04,118479,Tuesday,Nov,2013
11/27/2013,111,111.65,110.51,111.59,109366,Wednesday,Nov,2013
11/28/2013,111.44,111.55,110.61,110.95,31226,Thursday,Nov,2013
11/29/2013,110.98,111.5,109.62,110.11,75278,Friday,Nov,2013
12/1/2013,109.3,109.59,109.29,109.55,23,Sunday,Dec,2013
12/2/2013,109.72,111.93,109.03,111.01,42638,Monday,Dec,2013
12/3/2013,111.15,112.44,110.64,112.24,35274,Tuesday,Dec,2013
12/4/2013,112.49,112.5,110.98,111.17,43903,Wednesday,Dec,2013
12/5/2013,111.14,111.76,110.4,110.76,34787,Thursday,Dec,2013
12/6/2013,110.55,111.64,110.52,111.36,34173,Friday,Dec,2013
12/8/2013,111.22,111.22,111.2,111.2,5,Sunday,Dec,2013
12/9/2013,111.25,111.37,108.73,108.93,41388,Monday,Dec,2013
12/10/2013,108.99,110.19,108.4,109.25,65158,Tuesday,Dec,2013
12/11/2013,109.2,109.7,108.46,109.32,68489,Wednesday,Dec,2013
12/12/2013,109.33,109.78,108.14,108.34,81838,Thursday,Dec,2013
12/13/2013,108.22,108.61,107.61,108.3,102214,Friday,Dec,2013
12/15/2013,108.6,109,108.6,108.99,1160,Sunday,Dec,2013
12/16/2013,108.96,110.4,108.53,109.04,124994,Monday,Dec,2013
12/17/2013,109.2,109.41,108.2,108.21,97138,Tuesday,Dec,2013
12/18/2013,108.33,109.73,107.8,109.28,118603,Wednesday,Dec,2013
12/19/2013,109.25,110.53,109.14,110.06,97005,Thursday,Dec,2013
12/20/2013,110.09,111.89,109.87,111.84,112443,Friday,Dec,2013
12/22/2013,111.73,111.78,111.68,111.73,130,Sunday,Dec,2013
12/23/2013,111.73,111.93,111.27,111.57,62437,Monday,Dec,2013
12/24/2013,111.61,112.06,111.42,112,30579,Tuesday,Dec,2013
12/26/2013,111.98,112.12,111.46,112,26155,Thursday,Dec,2013
12/27/2013,111.95,112.8,111.5,112.14,82917,Friday,Dec,2013
12/29/2013,112.16,112.29,112.11,112.28,41,Sunday,Dec,2013
12/30/2013,112.31,112.64,110.9,111.2,62451,Monday,Dec,2013
12/31/2013,111.18,111.52,110.4,110.9,47181,Tuesday,Dec,2013
1/2/2014,110.74,111.07,107.49,107.65,32977,Thursday,Jan,2014
1/3/2014,107.66,108.42,106.44,106.65,35605,Friday,Jan,2014
1/6/2014,106.68,107.6,106.28,106.67,35795,Monday,Jan,2014
1/7/2014,106.73,107.33,106.56,107.01,30686,Tuesday,Jan,2014
1/8/2014,107.08,107.54,106.6,106.83,36728,Wednesday,Jan,2014
1/9/2014,106.83,107.71,105.7,106,55777,Thursday,Jan,2014
1/10/2014,105.91,106.89,105.5,106.83,70001,Friday,Jan,2014
1/12/2014,106.75,106.96,106.61,106.92,227,Sunday,Jan,2014
1/13/2014,106.92,106.93,105.58,105.59,54066,Monday,Jan,2014
1/14/2014,105.87,106.3,105.22,105.25,78099,Tuesday,Jan,2014
1/15/2014,105.27,106.72,105.06,105.97,111679,Wednesday,Jan,2014
1/16/2014,106.11,106.4,105.46,105.48,105069,Thursday,Jan,2014
1/17/2014,105.55,106.95,105.44,106.32,96847,Friday,Jan,2014
1/19/2014,106.34,106.44,106.24,106.4,56,Sunday,Jan,2014
1/20/2014,106.44,106.65,105.81,106.2,43938,Monday,Jan,2014
1/21/2014,106.35,108,106.28,106.8,120725,Tuesday,Jan,2014
1/22/2014,106.9,108.33,106.78,108.08,99777,Wednesday,Jan,2014
1/23/2014,108.14,108.28,107.37,107.58,98980,Thursday,Jan,2014
1/24/2014,107.58,108.03,106.23,107.89,151029,Friday,Jan,2014
1/26/2014,107.93,108.09,107.88,107.95,371,Sunday,Jan,2014
1/27/2014,107.95,107.99,106.45,106.94,107139,Monday,Jan,2014
1/28/2014,106.86,107.79,106.76,107.41,98697,Tuesday,Jan,2014
1/29/2014,107.36,108.05,106.93,107.75,107319,Wednesday,Jan,2014
1/30/2014,107.85,108.4,107.65,107.7,85179,Thursday,Jan,2014
1/31/2014,107.75,107.94,105.77,105.79,121741,Friday,Jan,2014
2/2/2014,105.75,105.75,105.44,105.55,113,Sunday,Feb,2014
2/3/2014,105.57,106.05,104.78,105.27,49438,Monday,Feb,2014
2/4/2014,105.2,105.56,104.88,105.38,31416,Tuesday,Feb,2014
2/5/2014,105.33,105.82,105,105.56,38648,Wednesday,Feb,2014
2/6/2014,105.71,106.88,105.55,106.75,39920,Thursday,Feb,2014
2/7/2014,106.77,109.02,106.29,108.83,73752,Friday,Feb,2014
2/9/2014,108.96,108.97,108.77,108.95,64,Sunday,Feb,2014
2/10/2014,108.96,109.01,107.73,107.78,61597,Monday,Feb,2014
2/11/2014,107.83,108.63,107.83,108.2,70319,Tuesday,Feb,2014
2/12/2014,108.24,109,108.07,108.27,103739,Wednesday,Feb,2014
2/13/2014,108.2,108.74,107.64,108.58,102707,Thursday,Feb,2014
2/14/2014,108.58,109.25,107.85,109.05,86107,Friday,Feb,2014
2/16/2014,109.02,109.4,109.02,109.38,499,Sunday,Feb,2014
2/17/2014,109.36,109.37,108.64,109.1,34451,Monday,Feb,2014
2/18/2014,109.09,110.7,108.84,110.63,101275,Tuesday,Feb,2014
2/19/2014,110.52,110.82,110.02,110.42,100932,Wednesday,Feb,2014
2/20/2014,110.39,110.49,109.58,110.49,100575,Thursday,Feb,2014
2/21/2014,110.49,110.49,109.35,109.84,100833,Friday,Feb,2014
2/23/2014,109.99,110.13,109.89,110.13,272,Sunday,Feb,2014
2/24/2014,110.12,110.77,109.5,110.71,100360,Monday,Feb,2014
2/25/2014,110.64,110.64,109.42,109.59,93772,Tuesday,Feb,2014
2/26/2014,109.56,109.97,109.2,109.51,91286,Wednesday,Feb,2014
2/27/2014,109.41,109.45,108.65,108.77,109488,Thursday,Feb,2014
2/28/2014,108.85,109.34,108.4,108.65,102250,Friday,Feb,2014
3/2/2014,108.83,110.7,108.83,110.49,1910,Sunday,Mar,2014
3/3/2014,110.5,111.87,109.92,110.78,53805,Monday,Mar,2014
3/4/2014,110.64,110.86,108.6,108.62,44442,Tuesday,Mar,2014
3/5/2014,108.67,108.93,107.09,107.29,39833,Wednesday,Mar,2014
3/6/2014,107.2,107.97,106.86,107.8,41826,Thursday,Mar,2014
3/7/2014,107.73,108.55,107.27,108.23,50146,Friday,Mar,2014
3/9/2014,108.3,108.32,108.07,108.12,29,Sunday,Mar,2014
3/10/2014,108.21,108.24,107.21,107.38,36741,Monday,Mar,2014
3/11/2014,107.3,108.08,107.27,107.77,43608,Tuesday,Mar,2014
3/12/2014,107.66,107.84,106.92,107.6,96322,Wednesday,Mar,2014
3/13/2014,107.53,107.79,106.5,106.99,91337,Thursday,Mar,2014
3/14/2014,106.82,108.5,106.75,108.5,120033,Friday,Mar,2014
3/16/2014,108.51,108.6,108.31,108.32,750,Sunday,Mar,2014
3/17/2014,108.35,108.4,106.16,106.4,112936,Monday,Mar,2014
3/18/2014,106.28,106.85,105.85,106.65,86172,Tuesday,Mar,2014
3/19/2014,106.59,106.87,105.71,105.84,107803,Wednesday,Mar,2014
3/20/2014,105.87,106.75,105.41,106.23,122795,Thursday,Mar,2014
3/21/2014,106.25,107.77,106.01,107.2,114972,Friday,Mar,2014
3/23/2014,106.97,107.09,106.8,106.81,199,Sunday,Mar,2014
3/24/2014,106.79,107.5,106.45,106.59,88767,Monday,Mar,2014
3/25/2014,106.59,107.48,106.44,106.93,101007,Tuesday,Mar,2014
3/26/2014,106.94,107.35,106.48,107,88464,Wednesday,Mar,2014
3/27/2014,106.92,107.99,106.77,107.69,107367,Thursday,Mar,2014
3/28/2014,107.73,108.39,107.62,107.97,91224,Friday,Mar,2014
3/30/2014,107.89,107.97,107.78,107.92,146,Sunday,Mar,2014
3/31/2014,107.95,108.33,107.05,107.7,104113,Monday,Mar,2014
4/1/2014,107.55,107.7,105.03,105.31,52870,Tuesday,Apr,2014
4/2/2014,105.33,105.76,103.96,104.7,81871,Wednesday,Apr,2014
4/3/2014,104.59,106.24,104.41,106.14,58761,Thursday,Apr,2014
4/4/2014,106.11,106.91,106.04,106.57,51932,Friday,Apr,2014
4/6/2014,106.3,106.31,106.07,106.1,311,Sunday,Apr,2014
4/7/2014,106.1,106.6,105.12,105.98,53317,Monday,Apr,2014
4/8/2014,106,107.8,105.8,107.48,67060,Tuesday,Apr,2014
4/9/2014,107.51,108.12,107.1,107.9,66957,Wednesday,Apr,2014
4/10/2014,107.88,107.91,107.33,107.39,53545,Thursday,Apr,2014
4/11/2014,107.38,107.92,107.06,107.15,74965,Friday,Apr,2014
4/13/2014,107.49,107.88,107.49,107.85,387,Sunday,Apr,2014
4/14/2014,107.8,109.14,107.28,108.96,156815,Monday,Apr,2014
4/15/2014,108.82,109.74,108.33,109.18,133335,Tuesday,Apr,2014
4/16/2014,109.43,110.35,109,109.71,128755,Wednesday,Apr,2014
4/17/2014,109.64,110.18,109.08,109.76,103858,Thursday,Apr,2014
4/20/2014,109.83,109.89,109.68,109.72,83,Sunday,Apr,2014
4/21/2014,109.7,110.05,108.89,109.96,45440,Monday,Apr,2014
4/22/2014,109.88,109.99,108.53,109.37,119771,Tuesday,Apr,2014
4/23/2014,109.49,109.54,108.6,109.14,113034,Wednesday,Apr,2014
4/24/2014,109.23,110.64,109.07,110.41,122943,Thursday,Apr,2014
4/25/2014,110.39,110.63,109.25,109.39,112353,Friday,Apr,2014
4/27/2014,109.5,109.78,109.46,109.73,218,Sunday,Apr,2014
4/28/2014,109.77,110.2,107.86,108.12,132076,Monday,Apr,2014
4/29/2014,108.13,109.37,108,108.91,97721,Tuesday,Apr,2014
4/30/2014,108.75,108.78,107.55,108.14,122847,Wednesday,Apr,2014
5/1/2014,107.54,107.56,106.32,107.07,27277,Thursday,May,2014
5/2/2014,107.22,108.33,107.07,108.33,28804,Friday,May,2014
5/5/2014,107.93,108.27,106.44,106.98,22216,Monday,May,2014
5/6/2014,106.91,107.58,106.82,107.22,0,Tuesday,May,2014
5/7/2014,106.59,107.73,106.46,107.53,43939,Wednesday,May,2014
5/8/2014,107.51,107.57,106.86,107.49,39045,Thursday,May,2014
5/9/2014,107.52,108.44,107.05,107.36,55652,Friday,May,2014
5/11/2014,107.61,107.61,107.37,107.45,57,Sunday,May,2014
5/12/2014,107.46,108.17,107.36,107.77,48834,Monday,May,2014
5/13/2014,107.75,108.75,107.44,108.65,68692,Tuesday,May,2014
5/14/2014,108.69,109.55,108.63,109.2,101426,Wednesday,May,2014
5/15/2014,109.26,109.65,108.83,109.02,120309,Thursday,May,2014
5/16/2014,109.09,110.05,108.88,109.68,98489,Friday,May,2014
5/18/2014,109.81,109.86,109.73,109.81,176,Sunday,May,2014
5/19/2014,109.82,110.33,109.3,109.36,87450,Monday,May,2014
5/20/2014,109.33,110,109.1,109.84,87249,Tuesday,May,2014
5/21/2014,109.79,110.73,109.7,110.54,115448,Wednesday,May,2014
5/22/2014,110.49,111.04,110.17,110.39,101941,Thursday,May,2014
5/23/2014,110.39,110.7,110.25,110.44,75444,Friday,May,2014
5/25/2014,110.44,110.49,110.34,110.44,35,Sunday,May,2014
5/26/2014,110.44,110.55,109.75,110.39,21231,Monday,May,2014
5/27/2014,110.39,110.8,109.71,110.19,99755,Tuesday,May,2014
5/28/2014,110.19,110.4,109.41,110.06,96465,Wednesday,May,2014
5/29/2014,109.97,110.46,109.72,110.07,89399,Thursday,May,2014
5/30/2014,110.05,110.13,109.22,109.49,101124,Friday,May,2014
6/1/2014,108.77,108.77,108.75,108.76,14,Sunday,Jun,2014
6/2/2014,108.73,109.12,107.95,108.17,28150,Monday,Jun,2014
6/3/2014,108.17,108.32,107.7,108.18,22901,Tuesday,Jun,2014
6/4/2014,108.21,108.75,107.37,107.43,35823,Wednesday,Jun,2014
6/5/2014,107.55,108.25,107.11,108.19,46529,Thursday,Jun,2014
6/6/2014,108.21,108.6,107.71,108.01,35826,Friday,Jun,2014
6/8/2014,107.96,107.96,107.79,107.8,40,Sunday,Jun,2014
6/9/2014,107.81,109.3,107.79,109.1,49135,Monday,Jun,2014
6/10/2014,109.09,109.5,108.43,108.98,54679,Tuesday,Jun,2014
6/11/2014,108.94,109.58,108.79,109.51,63351,Wednesday,Jun,2014
6/12/2014,109.34,112.75,109.34,112.54,201660,Thursday,Jun,2014
6/13/2014,112.8,114.07,112,112.4,180440,Friday,Jun,2014
6/15/2014,112.73,113.27,112.57,113.09,1068,Sunday,Jun,2014
6/16/2014,113.1,113.28,112.33,112.83,101708,Monday,Jun,2014
6/17/2014,112.96,113.8,112.16,113.31,128139,Tuesday,Jun,2014
6/18/2014,113.46,114.54,113.05,114.14,129570,Wednesday,Jun,2014
6/19/2014,114.22,115.71,114.15,114.92,150153,Thursday,Jun,2014
6/20/2014,114.92,115.11,114.43,114.68,104260,Friday,Jun,2014
6/22/2014,115.05,115.15,114.9,115.1,342,Sunday,Jun,2014
6/23/2014,115.09,115.66,113.86,113.97,108443,Monday,Jun,2014
6/24/2014,113.9,114.83,113.55,114.13,119497,Tuesday,Jun,2014
6/25/2014,114.35,114.65,113.23,114.22,122377,Wednesday,Jun,2014
6/26/2014,114.24,114.29,113,113.02,98097,Thursday,Jun,2014
6/27/2014,113.07,113.71,112.9,113.18,84385,Friday,Jun,2014
6/29/2014,113.18,113.2,113.04,113.04,145,Sunday,Jun,2014
6/30/2014,113.04,113.16,112.16,112.4,100797,Monday,Jun,2014
7/1/2014,112.5,112.6,111.68,111.85,33042,Tuesday,Jul,2014
7/2/2014,111.95,112.23,110.87,111,50955,Wednesday,Jul,2014
7/3/2014,110.87,111.03,110.5,110.89,45261,Thursday,Jul,2014
7/4/2014,110.83,111.16,110.48,110.49,16437,Friday,Jul,2014
7/6/2014,110.51,110.54,110.41,110.46,133,Sunday,Jul,2014
7/7/2014,110.46,110.84,109.82,109.85,47971,Monday,Jul,2014
7/8/2014,110.09,110.13,108.84,109.01,65326,Tuesday,Jul,2014
7/9/2014,108.96,109.13,108.31,108.32,58215,Wednesday,Jul,2014
7/10/2014,108.3,109.2,107.98,108.85,75368,Thursday,Jul,2014
7/11/2014,108.94,109.08,106.96,107.26,111378,Friday,Jul,2014
7/13/2014,107,107.41,106.98,107.31,218,Sunday,Jul,2014
7/14/2014,107.33,108.11,106.92,107.6,108096,Monday,Jul,2014
7/15/2014,107.51,107.69,105.59,106.75,178210,Tuesday,Jul,2014
7/16/2014,106.81,107.96,106.75,107.08,135626,Wednesday,Jul,2014
7/17/2014,107.16,108.6,106.8,108.45,167534,Thursday,Jul,2014
7/18/2014,108.5,108.62,106.94,107.14,107470,Friday,Jul,2014
7/20/2014,107.1,107.19,106.95,106.97,226,Sunday,Jul,2014
7/21/2014,106.97,107.87,106.79,107.68,103206,Monday,Jul,2014
7/22/2014,107.8,108.4,106.83,106.89,99856,Tuesday,Jul,2014
7/23/2014,106.91,108.25,106.87,108.18,107865,Wednesday,Jul,2014
7/24/2014,108.15,108.21,106.83,107.13,102555,Thursday,Jul,2014
7/25/2014,107.2,108.46,106.73,108.13,162495,Friday,Jul,2014
7/27/2014,108.25,108.38,108.16,108.22,74,Sunday,Jul,2014
7/28/2014,108.25,108.25,107.02,107.5,98372,Monday,Jul,2014
7/29/2014,107.46,108.05,107.13,107.5,115861,Tuesday,Jul,2014
7/30/2014,107.49,107.86,105.84,106.03,136185,Wednesday,Jul,2014
7/31/2014,106.06,106.59,105.41,105.52,139726,Thursday,Jul,2014
8/1/2014,105.6,106.6,105.06,105.33,44124,Friday,Aug,2014
8/3/2014,105.44,105.44,105.32,105.4,40,Sunday,Aug,2014
8/4/2014,105.39,106.29,105.24,106.17,43916,Monday,Aug,2014
8/5/2014,106.01,106.21,104.69,105.59,48750,Tuesday,Aug,2014
8/6/2014,105.43,106,105.21,105.27,55281,Wednesday,Aug,2014
8/7/2014,105.36,106.53,104.88,106.37,60683,Thursday,Aug,2014
8/8/2014,106.27,107.45,105.31,105.31,94742,Friday,Aug,2014
8/10/2014,105.42,105.6,105.32,105.6,101,Sunday,Aug,2014
8/11/2014,105.56,106.13,105.08,105.09,58406,Monday,Aug,2014
8/12/2014,105.17,105.35,103.49,103.8,114430,Tuesday,Aug,2014
8/13/2014,103.73,105.13,103.26,104.68,135928,Wednesday,Aug,2014
8/14/2014,104.9,105.09,101.92,102.08,195510,Thursday,Aug,2014
8/15/2014,102.1,103.76,102.07,103.4,129607,Friday,Aug,2014
8/17/2014,103.25,103.25,102.91,102.98,137,Sunday,Aug,2014
8/18/2014,103,103.02,101.11,101.79,112904,Monday,Aug,2014
8/19/2014,101.62,102.07,101.07,101.6,95896,Tuesday,Aug,2014
8/20/2014,101.5,102.37,101.44,102.29,99962,Wednesday,Aug,2014
8/21/2014,102.28,102.79,101.21,102.69,105145,Thursday,Aug,2014
8/22/2014,102.67,102.83,102,102.1,82125,Friday,Aug,2014
8/24/2014,102.13,102.16,101.86,101.86,225,Sunday,Aug,2014
8/25/2014,101.97,102.82,101.65,102.66,57040,Monday,Aug,2014
8/26/2014,102.71,103.4,102.35,102.58,94395,Tuesday,Aug,2014
8/27/2014,102.42,103.07,102.05,102.6,91522,Wednesday,Aug,2014
8/28/2014,102.54,103.2,102.25,102.47,114341,Thursday,Aug,2014
8/29/2014,102.51,103.3,102.49,103.04,92751,Friday,Aug,2014
8/31/2014,103.11,103.14,103,103.11,210,Sunday,Aug,2014
9/1/2014,103.1,103.81,103.04,103.1,15563,Monday,Sep,2014
9/2/2014,103.28,103.36,100.8,101.24,54242,Tuesday,Sep,2014
9/3/2014,101.03,103.66,101.01,102.91,54391,Wednesday,Sep,2014
9/4/2014,102.95,103.45,102.18,102.3,44451,Thursday,Sep,2014
9/5/2014,102.4,102.84,100.95,101.53,48623,Friday,Sep,2014
9/7/2014,101.53,101.53,101.28,101.41,113,Sunday,Sep,2014
9/8/2014,101.36,101.55,100.03,100.89,49789,Monday,Sep,2014
9/9/2014,100.82,101.25,99.8,100,53144,Tuesday,Sep,2014
9/10/2014,100.1,100.25,98.41,98.75,74987,Wednesday,Sep,2014
9/11/2014,98.81,99.25,97.48,98.95,104444,Thursday,Sep,2014
9/12/2014,98.89,99.59,97.67,97.8,124451,Friday,Sep,2014
9/14/2014,97.64,97.87,97.55,97.63,364,Sunday,Sep,2014
9/15/2014,97.58,98.4,97.02,98,111097,Monday,Sep,2014
9/16/2014,97.96,99.45,97.44,99,127172,Tuesday,Sep,2014
9/17/2014,98.94,99.61,98.51,98.72,127812,Wednesday,Sep,2014
9/18/2014,98.66,99.14,97.42,97.62,124713,Thursday,Sep,2014
9/19/2014,97.7,98.49,97.18,98.38,115533,Friday,Sep,2014
9/21/2014,98.18,98.33,98.16,98.16,83,Sunday,Sep,2014
9/22/2014,98.12,98.17,96.38,96.85,115178,Monday,Sep,2014
9/23/2014,96.95,97.59,96.55,96.94,107400,Tuesday,Sep,2014
9/24/2014,96.92,97.33,95.6,97.09,137414,Wednesday,Sep,2014
9/25/2014,97.03,97.56,96.23,97.05,127900,Thursday,Sep,2014
9/26/2014,97.07,97.5,96.46,96.9,102614,Friday,Sep,2014
9/28/2014,96.85,96.92,96.71,96.71,149,Sunday,Sep,2014
9/29/2014,96.75,97.34,96.27,97.07,103141,Monday,Sep,2014
9/30/2014,97.11,97.8,94.24,94.8,164995,Tuesday,Sep,2014
10/1/2014,94.77,96.78,94.43,94.9,88232,Wednesday,Oct,2014
10/2/2014,94.96,94.99,92.19,94.32,106622,Thursday,Oct,2014
10/3/2014,94,94.61,92.04,92.82,80089,Friday,Oct,2014
10/5/2014,92.66,92.66,92.38,92.45,80,Sunday,Oct,2014
10/6/2014,92.46,93.75,91.81,93.35,75747,Monday,Oct,2014
10/7/2014,93.38,93.49,91.94,92.2,74235,Tuesday,Oct,2014
10/8/2014,92.33,92.33,91,92.14,97084,Wednesday,Oct,2014
10/9/2014,92.06,92.23,88.77,89.23,117545,Thursday,Oct,2014
10/10/2014,89.53,90.86,88.35,90.27,130764,Friday,Oct,2014
10/12/2014,90.17,90.32,87.1,89.14,1856,Sunday,Oct,2014
10/13/2014,89.14,89.75,88.41,88.61,113586,Monday,Oct,2014
10/14/2014,88.71,89.28,84.83,86,218368,Tuesday,Oct,2014
10/15/2014,85.97,86.02,83.38,83.75,294524,Wednesday,Oct,2014
10/16/2014,83.36,88,82.93,86.76,284050,Thursday,Oct,2014
10/17/2014,86.5,87.34,85.49,86.1,215152,Friday,Oct,2014
10/19/2014,86.21,86.69,86.16,86.63,474,Sunday,Oct,2014
10/20/2014,86.63,86.63,84.41,85.34,146101,Monday,Oct,2014
10/21/2014,85.13,86.49,85.1,86.43,146275,Tuesday,Oct,2014
10/22/2014,86.38,87.07,84.47,84.68,164193,Wednesday,Oct,2014
10/23/2014,84.71,87.19,84.12,86.7,207447,Thursday,Oct,2014
10/24/2014,86.78,86.78,85.29,86.25,132831,Friday,Oct,2014
10/27/2014,85.96,86.25,84.55,85.43,127260,Monday,Oct,2014
10/28/2014,85.5,86.38,85.08,86.23,100114,Tuesday,Oct,2014
10/29/2014,86.1,87.94,86.06,86.76,141898,Wednesday,Oct,2014
10/30/2014,86.93,87.1,85.71,86.1,113728,Thursday,Oct,2014
10/31/2014,86.01,86.25,84.6,85.96,133702,Friday,Oct,2014
11/2/2014,86.28,86.37,86.26,86.31,53,Sunday,Nov,2014
11/3/2014,86.39,86.9,84.54,84.71,37838,Monday,Nov,2014
11/4/2014,84.73,84.95,82.67,83.3,65870,Tuesday,Nov,2014
11/5/2014,83.36,84.99,82.2,83.89,67687,Wednesday,Nov,2014
11/6/2014,83.65,83.8,82.63,83.31,41630,Thursday,Nov,2014
11/7/2014,83.29,84.4,82.8,83.6,57135,Friday,Nov,2014
11/9/2014,83.84,84.27,83.82,84.21,115,Sunday,Nov,2014
11/10/2014,84.15,85.5,82.5,82.5,71945,Monday,Nov,2014
11/11/2014,82.67,83.01,81.27,82,91240,Tuesday,Nov,2014
11/12/2014,81.84,82.4,80.5,80.67,133777,Wednesday,Nov,2014
11/13/2014,80.72,81,77.4,77.73,149444,Thursday,Nov,2014
11/14/2014,77.67,79.75,76.76,79.6,176054,Friday,Nov,2014
11/16/2014,79.6,79.6,79.37,79.39,272,Sunday,Nov,2014
11/17/2014,79.4,79.49,77.94,79.08,117796,Monday,Nov,2014
11/18/2014,79,79.95,78.21,78.41,115250,Tuesday,Nov,2014
11/19/2014,78.41,79.45,78.04,78.05,128594,Wednesday,Nov,2014
11/20/2014,78.11,79.95,77.56,79.79,119739,Thursday,Nov,2014
11/21/2014,79.95,81.61,79.07,80.36,196615,Friday,Nov,2014
11/24/2014,80.81,80.81,79.4,79.4,101389,Monday,Nov,2014
11/25/2014,79.45,80.44,78.05,78.17,138104,Tuesday,Nov,2014
11/26/2014,78.28,78.86,77.3,77.53,116999,Wednesday,Nov,2014
11/27/2014,77.4,77.46,71.25,72.82,184928,Thursday,Nov,2014
11/28/2014,72.26,73.41,69.78,70.02,169705,Friday,Nov,2014
11/30/2014,70.15,70.35,68.22,68.34,2500,Sunday,Nov,2014
12/1/2014,68.3,73.4,67.82,73.31,55807,Monday,Dec,2014
12/2/2014,73.01,73.4,70.79,71.49,40144,Tuesday,Dec,2014
12/3/2014,71.43,71.91,69.99,70.5,28443,Wednesday,Dec,2014
12/4/2014,70.75,71.11,69.31,69.89,33735,Thursday,Dec,2014
12/5/2014,69.85,70.22,68.54,69.05,33644,Friday,Dec,2014
12/7/2014,69.19,69.19,68.15,68.23,327,Sunday,Dec,2014
12/8/2014,68.39,68.89,66.4,66.52,45312,Monday,Dec,2014
12/9/2014,66.44,67.41,65.73,66.79,64936,Tuesday,Dec,2014
12/10/2014,66.56,66.74,63.83,64.56,91340,Wednesday,Dec,2014
12/11/2014,64.95,65.37,63.38,63.55,83663,Thursday,Dec,2014
12/12/2014,63.35,63.94,61.67,61.92,119594,Friday,Dec,2014
12/14/2014,60.71,61.43,60.57,61.05,1475,Sunday,Dec,2014
12/15/2014,61.06,63.48,60.4,60.52,145168,Monday,Dec,2014
12/16/2014,61.21,61.24,58.5,59.8,203540,Tuesday,Dec,2014
12/17/2014,59.9,63.4,58.71,60.64,249612,Wednesday,Dec,2014
12/18/2014,61.18,63.7,59.17,59.81,230204,Thursday,Dec,2014
12/19/2014,59.27,62.66,59.05,62.15,126933,Friday,Dec,2014
12/21/2014,61.99,62.06,61.26,61.55,493,Sunday,Dec,2014
12/22/2014,61.58,62.97,59.84,60.13,120736,Monday,Dec,2014
12/23/2014,60.25,62.14,59.84,61.55,116369,Tuesday,Dec,2014
12/24/2014,61.59,61.69,59.37,60.15,71392,Wednesday,Dec,2014
12/26/2014,60.19,60.97,59.21,59.52,37499,Friday,Dec,2014
12/28/2014,59.65,59.92,59.65,59.87,307,Sunday,Dec,2014
12/29/2014,59.88,60.43,57.37,57.98,109396,Monday,Dec,2014
12/30/2014,57.93,58.38,56.74,57.51,103643,Tuesday,Dec,2014
12/31/2014,57.39,57.68,55.81,57.54,106912,Wednesday,Dec,2014
1/2/2015,58.02,58.54,55.48,56.51,107874,Friday,Jan,2015
1/4/2015,56.25,56.3,55.74,55.8,532,Sunday,Jan,2015
1/5/2015,55.77,56.14,52.66,53.15,169531,Monday,Jan,2015
1/6/2015,53.2,53.6,50.52,50.9,201593,Tuesday,Jan,2015
1/7/2015,51.14,51.84,49.66,51.02,185120,Wednesday,Jan,2015
1/8/2015,51.06,51.91,49.81,51.05,157255,Thursday,Jan,2015
1/9/2015,51.25,51.44,48.9,49.95,126043,Friday,Jan,2015
1/11/2015,49.93,49.98,49.36,49.38,650,Sunday,Jan,2015
1/12/2015,49.41,49.58,47.16,47.2,140690,Monday,Jan,2015
1/13/2015,47.05,47.29,45.19,46.79,106710,Tuesday,Jan,2015
1/14/2015,46.84,49.21,45.59,48.61,48380,Wednesday,Jan,2015
1/15/2015,48.68,50.62,47,48.36,6549,Thursday,Jan,2015
1/16/2015,48.25,50.41,48.07,49.9,198321,Friday,Jan,2015
1/18/2015,50.1,50.35,49.86,49.91,359,Sunday,Jan,2015
1/19/2015,49.92,50.34,48.68,48.85,68313,Monday,Jan,2015
1/20/2015,48.91,49.48,47.78,48.17,175030,Tuesday,Jan,2015
1/21/2015,48.3,49.59,48.21,48.75,188872,Wednesday,Jan,2015
1/22/2015,48.6,50.45,48.02,49,214697,Thursday,Jan,2015
1/23/2015,49.11,49.8,48.55,48.55,150208,Friday,Jan,2015
1/25/2015,48.56,48.58,47.85,47.97,1449,Sunday,Jan,2015
1/26/2015,47.9,49.29,47.57,48.11,150765,Monday,Jan,2015
1/27/2015,48.25,49.99,47.68,49.26,164211,Tuesday,Jan,2015
1/28/2015,49.1,49.72,48.29,48.65,139893,Wednesday,Jan,2015
1/29/2015,48.69,49.25,48.37,49.05,126508,Thursday,Jan,2015
1/30/2015,49.15,53.08,48.76,52.95,241857,Friday,Jan,2015
2/1/2015,52.6,52.68,51.5,52.1,668,Sunday,Feb,2015
2/2/2015,52.1,55.62,51.41,54.85,259227,Monday,Feb,2015
2/3/2015,55,60.08,54.84,58.02,89994,Tuesday,Feb,2015
2/4/2015,59.1,59.11,54.54,55.47,82704,Wednesday,Feb,2015
2/5/2015,55.85,58.78,54.06,57.87,109455,Thursday,Feb,2015
2/6/2015,57.67,59.9,57.67,59.09,79280,Friday,Feb,2015
2/8/2015,57.93,59.06,57.9,58.6,1010,Sunday,Feb,2015
2/9/2015,58.56,60.59,57.98,58.83,105882,Monday,Feb,2015
2/10/2015,58.87,59.62,57.19,57.97,132258,Tuesday,Feb,2015
2/11/2015,58.15,58.15,55.16,56.3,185626,Wednesday,Feb,2015
2/12/2015,56.33,59.91,56.07,59.24,216467,Thursday,Feb,2015
2/13/2015,59.27,61.77,59.08,61.41,185575,Friday,Feb,2015
2/15/2015,61.49,62.32,61.49,62.03,698,Sunday,Feb,2015
2/16/2015,62.03,62.57,60.71,61.6,70978,Monday,Feb,2015
2/17/2015,61.68,63,60.27,62.29,167588,Tuesday,Feb,2015
2/18/2015,62.3,62.46,59.25,59.46,139605,Wednesday,Feb,2015
2/19/2015,59.54,60.99,57.8,60.21,188491,Thursday,Feb,2015
2/20/2015,60.2,61.15,59.82,60.1,113940,Friday,Feb,2015
2/22/2015,60.04,60.04,59.74,59.89,352,Sunday,Feb,2015
2/23/2015,59.91,60.67,58.37,59,192314,Monday,Feb,2015
2/24/2015,59.09,60.29,58.1,58.75,163766,Tuesday,Feb,2015
2/25/2015,58.75,62.2,58.41,61.91,169462,Wednesday,Feb,2015
2/26/2015,61.85,62.63,59.66,60.52,188749,Thursday,Feb,2015
2/27/2015,60.75,62.83,60.51,62.48,150323,Friday,Feb,2015
3/1/2015,62.83,62.95,62.54,62.89,41,Sunday,Mar,2015
3/2/2015,62.83,62.96,60.04,60.67,45516,Monday,Mar,2015
3/3/2015,60.64,62.52,60.47,61.75,46776,Tuesday,Mar,2015
3/4/2015,61.54,61.69,60.24,61.12,34378,Wednesday,Mar,2015
3/5/2015,61.19,62.1,60.58,61.13,36029,Thursday,Mar,2015
3/6/2015,61.19,61.75,59.67,60.26,44012,Friday,Mar,2015
3/8/2015,60.05,60.13,59.68,59.75,153,Sunday,Mar,2015
3/9/2015,59.76,60.5,58.95,59.11,58942,Monday,Mar,2015
3/10/2015,58.95,59.26,56.62,56.91,79311,Tuesday,Mar,2015
3/11/2015,56.93,58.25,56.35,58.22,93513,Wednesday,Mar,2015
3/12/2015,58.23,59.15,56.75,57.18,109389,Thursday,Mar,2015
3/13/2015,57.25,57.6,54.75,54.89,124306,Friday,Mar,2015
3/15/2015,54.66,54.84,53.64,53.99,1461,Sunday,Mar,2015
3/16/2015,53.99,55.01,52.65,54.15,158183,Monday,Mar,2015
3/17/2015,54.1,54.38,52.57,53.3,132840,Tuesday,Mar,2015
3/18/2015,53.28,56.84,52.68,56.27,185587,Wednesday,Mar,2015
3/19/2015,56.18,56.2,53.91,54.46,139341,Thursday,Mar,2015
3/20/2015,54.46,55.67,53.55,55.22,125736,Friday,Mar,2015
3/22/2015,55.24,55.29,54.65,54.7,187,Sunday,Mar,2015
3/23/2015,54.72,56.19,54.12,55.89,148694,Monday,Mar,2015
3/24/2015,55.83,56.79,54.85,55.31,160607,Tuesday,Mar,2015
3/25/2015,55.09,57.17,54.7,56.38,163845,Wednesday,Mar,2015
3/26/2015,56.35,59.78,56.3,58.86,207161,Thursday,Mar,2015
3/27/2015,58.97,59.04,55.95,56.12,138166,Friday,Mar,2015
3/29/2015,55.96,56.22,55.57,55.94,750,Sunday,Mar,2015
3/30/2015,55.94,56.65,55.2,56.56,134865,Monday,Mar,2015
3/31/2015,56.31,56.33,54.72,55.1,190662,Tuesday,Mar,2015
4/1/2015,55.17,57.69,54.7,56.67,164197,Wednesday,Apr,2015
4/2/2015,56.72,58.32,55.12,56.23,72594,Thursday,Apr,2015
4/5/2015,56.21,56.71,56.21,56.47,86,Sunday,Apr,2015
4/6/2015,56.48,59.43,55.69,59.01,48096,Monday,Apr,2015
4/7/2015,59.3,60.32,58.17,59.66,90644,Tuesday,Apr,2015
4/8/2015,59.35,59.75,56.61,57.29,81979,Wednesday,Apr,2015
4/9/2015,57.3,59.16,57.1,57.92,90784,Thursday,Apr,2015
4/10/2015,57.88,59.18,57.33,59.1,94513,Friday,Apr,2015
4/12/2015,59.08,59.08,58.87,58.89,42,Sunday,Apr,2015
4/13/2015,58.92,60.59,58.56,59.05,127394,Monday,Apr,2015
4/14/2015,59.14,60.44,58.95,60.17,136977,Tuesday,Apr,2015
4/15/2015,60.06,63.47,60.03,62.71,190261,Wednesday,Apr,2015
4/16/2015,62.9,64.95,62,63.94,179529,Thursday,Apr,2015
4/17/2015,64.02,64.5,62.95,63.72,138694,Friday,Apr,2015
4/19/2015,63.85,64,63.74,64,353,Sunday,Apr,2015
4/20/2015,64,64.4,62.1,63.48,166844,Monday,Apr,2015
4/21/2015,63.52,63.52,61.65,61.78,121388,Tuesday,Apr,2015
4/22/2015,61.9,63.33,61.39,62.85,138161,Wednesday,Apr,2015
4/23/2015,62.88,65.58,62.22,64.75,188240,Thursday,Apr,2015
4/24/2015,64.75,65.8,64.48,65.49,132798,Friday,Apr,2015
4/26/2015,65.47,65.49,65.34,65.44,136,Sunday,Apr,2015
4/27/2015,65.46,65.61,64.4,64.65,102984,Monday,Apr,2015
4/28/2015,64.74,65.49,63.9,64.57,124081,Tuesday,Apr,2015
4/29/2015,64.64,66.72,64.13,65.6,160228,Wednesday,Apr,2015
4/30/2015,65.63,66.93,65.37,66.8,142079,Thursday,Apr,2015
5/1/2015,66.78,66.93,65.52,66.51,90243,Friday,May,2015
5/3/2015,67.24,67.36,67.24,67.33,4,Sunday,May,2015
5/4/2015,67.13,67.85,66.73,67.11,18996,Monday,May,2015
5/5/2015,67.2,69.13,66.91,68.34,46309,Tuesday,May,2015
5/6/2015,68.43,69.63,67.35,67.45,160709,Wednesday,May,2015
5/7/2015,67.37,69.17,65.88,66.32,63528,Thursday,May,2015
5/8/2015,66.16,66.44,64.23,65.59,168381,Friday,May,2015
5/10/2015,66.15,66.21,66.13,66.13,17,Sunday,May,2015
5/11/2015,66.09,66.53,65.01,65.51,74703,Monday,May,2015
5/12/2015,65.5,67.95,65.4,67.82,123281,Tuesday,May,2015
5/13/2015,67.83,68.52,66.87,67.04,148770,Wednesday,May,2015
5/14/2015,66.97,67.82,66.26,66.65,151194,Thursday,May,2015
5/15/2015,66.75,67,65.37,66.86,151347,Friday,May,2015
5/17/2015,66.91,67,66.91,66.91,35,Sunday,May,2015
5/18/2015,66.91,67.88,65.92,66.3,136598,Monday,May,2015
5/19/2015,66.19,66.39,63.95,64.45,162704,Tuesday,May,2015
5/20/2015,64.49,65.18,64.1,64.96,149310,Wednesday,May,2015
5/21/2015,64.89,66.88,64.83,66.48,159989,Thursday,May,2015
5/22/2015,66.6,66.64,65.1,65.57,120952,Friday,May,2015
5/24/2015,65.56,65.6,65.43,65.49,60,Sunday,May,2015
5/25/2015,65.55,66.22,64.72,65.9,30299,Monday,May,2015
5/26/2015,65.7,65.7,63.29,63.89,172510,Tuesday,May,2015
5/27/2015,63.89,64.67,61.96,62.25,155707,Wednesday,May,2015
5/28/2015,62.2,62.95,61.24,62.85,154512,Thursday,May,2015
5/29/2015,62.89,65.83,62.68,65.45,233363,Friday,May,2015
5/31/2015,65.56,65.6,65.11,65.19,260,Sunday,May,2015
6/1/2015,65.24,65.8,64.25,64.98,123348,Monday,Jun,2015
6/2/2015,64.9,66.5,64.71,66.1,57554,Tuesday,Jun,2015
6/3/2015,66.11,66.12,64.26,64.46,52321,Wednesday,Jun,2015
6/4/2015,64.56,64.74,62.48,62.81,49409,Thursday,Jun,2015
6/5/2015,62.78,64.12,61.67,63.92,67652,Friday,Jun,2015
6/7/2015,63.56,63.84,63.56,63.69,121,Sunday,Jun,2015
6/8/2015,63.66,64.04,63.04,63.19,50019,Monday,Jun,2015
6/9/2015,63.32,65.79,63.3,65.72,86191,Tuesday,Jun,2015
6/10/2015,65.8,66.94,65.44,66.09,85495,Wednesday,Jun,2015
6/11/2015,66.11,66.71,65.2,65.47,94768,Thursday,Jun,2015
6/12/2015,65.5,65.63,64.52,64.52,111160,Friday,Jun,2015
6/14/2015,64.37,64.44,64.15,64.15,590,Sunday,Jun,2015
6/15/2015,64.15,64.76,63.37,63.94,182335,Monday,Jun,2015
6/16/2015,63.8,64.41,63.42,63.67,159921,Tuesday,Jun,2015
6/17/2015,63.6,65.47,62.6,63.7,214198,Wednesday,Jun,2015
6/18/2015,63.74,64.96,63.45,64.34,130746,Thursday,Jun,2015
6/19/2015,64.2,64.56,62.34,62.75,141260,Friday,Jun,2015
6/21/2015,62.57,62.86,62.54,62.71,269,Sunday,Jun,2015
6/22/2015,62.69,63.74,62.1,63.25,127078,Monday,Jun,2015
6/23/2015,63.21,64.89,62.76,64.53,187042,Tuesday,Jun,2015
6/24/2015,64.69,65.05,63.01,63.58,165352,Wednesday,Jun,2015
6/25/2015,63.5,63.95,62.72,63.43,114915,Thursday,Jun,2015
6/26/2015,63.34,63.62,62.5,63.05,121564,Friday,Jun,2015
6/28/2015,62.85,62.88,62.4,62.56,1973,Sunday,Jun,2015
6/29/2015,62.55,62.96,61.35,61.99,180685,Monday,Jun,2015
6/30/2015,61.77,63.83,61.71,63.14,137841,Tuesday,Jun,2015
7/1/2015,63.02,63.35,61.84,62.02,143874,Wednesday,Jul,2015
7/2/2015,61.92,63.64,61.92,62.29,52715,Thursday,Jul,2015
7/3/2015,62.28,62.56,60.63,61.09,28778,Friday,Jul,2015
7/5/2015,60.45,60.54,59.88,60.29,339,Sunday,Jul,2015
7/6/2015,60.15,60.46,56.87,57.14,83385,Monday,Jul,2015
7/7/2015,57.3,58.31,55.6,58,106823,Tuesday,Jul,2015
7/8/2015,57.75,58.15,56.35,57.63,90353,Wednesday,Jul,2015
7/9/2015,57.52,59.5,57.31,58.73,95810,Thursday,Jul,2015
7/10/2015,58.87,59.9,58.15,58.89,73680,Friday,Jul,2015
7/12/2015,58.59,58.59,58.1,58.19,952,Sunday,Jul,2015
7/13/2015,58.16,59.14,57.16,58.14,135767,Monday,Jul,2015
7/14/2015,58.05,58.98,56.75,58.94,153200,Tuesday,Jul,2015
7/15/2015,58.8,58.98,56.92,57.37,148113,Wednesday,Jul,2015
7/16/2015,57.36,58,56.86,56.95,160155,Thursday,Jul,2015
7/17/2015,56.94,57.35,56.4,57.01,118060,Friday,Jul,2015
7/19/2015,57.12,57.27,56.97,57.16,170,Sunday,Jul,2015
7/20/2015,57.14,57.44,56.33,56.54,98584,Monday,Jul,2015
7/21/2015,56.55,57.44,56.33,56.98,111671,Tuesday,Jul,2015
7/22/2015,56.88,56.9,55.92,56.09,151204,Wednesday,Jul,2015
7/23/2015,56.04,56.53,55.1,55.41,124575,Thursday,Jul,2015
7/24/2015,55.39,55.6,54.3,54.56,112078,Friday,Jul,2015
7/26/2015,54.45,54.69,54.45,54.62,99,Sunday,Jul,2015
7/27/2015,54.61,54.89,52.83,52.96,121382,Monday,Jul,2015
7/28/2015,53.08,54.08,52.28,52.98,187790,Tuesday,Jul,2015
7/29/2015,53,54.33,52.51,53.55,188678,Wednesday,Jul,2015
7/30/2015,53.52,54.38,53.02,53.38,123520,Thursday,Jul,2015
7/31/2015,53.43,53.47,51.63,51.85,126332,Friday,Jul,2015
8/2/2015,51.55,51.93,51.5,51.7,446,Sunday,Aug,2015
8/3/2015,51.74,52.01,49.36,49.59,183300,Monday,Aug,2015
8/4/2015,49.7,50.45,49.58,50.28,129984,Tuesday,Aug,2015
8/5/2015,50.14,50.99,49.02,49.72,181731,Wednesday,Aug,2015
8/6/2015,49.72,49.83,48.88,49.59,150454,Thursday,Aug,2015
8/7/2015,49.62,50.06,48.42,48.49,117621,Friday,Aug,2015
8/9/2015,48.43,48.45,48.26,48.42,502,Sunday,Aug,2015
8/10/2015,48.42,50.49,48.24,50.3,143006,Monday,Aug,2015
8/11/2015,50.22,51.69,49.18,49.87,114102,Tuesday,Aug,2015
8/12/2015,49.9,50.53,49.28,50.21,167527,Wednesday,Aug,2015
8/13/2015,50.38,50.83,49.25,49.65,169793,Thursday,Aug,2015
8/14/2015,49.48,49.83,48.65,48.77,172496,Friday,Aug,2015
8/16/2015,48.72,48.81,48.6,48.62,312,Sunday,Aug,2015
8/17/2015,48.64,49.44,48.35,48.57,135366,Monday,Aug,2015
8/18/2015,48.55,49.04,48.25,48.65,119917,Tuesday,Aug,2015
8/19/2015,48.5,49.11,46.78,46.88,170610,Wednesday,Aug,2015
8/20/2015,47.03,47.38,46.03,46.25,140080,Thursday,Aug,2015
8/21/2015,46.34,46.51,45.07,45.43,165580,Friday,Aug,2015
8/23/2015,45.35,45.46,45.24,45.42,286,Sunday,Aug,2015
8/24/2015,45.36,45.36,42.23,42.45,235405,Monday,Aug,2015
8/25/2015,42.79,44.5,42.68,43.5,198068,Tuesday,Aug,2015
8/26/2015,43.32,43.76,42.81,43.64,200254,Wednesday,Aug,2015
8/27/2015,43.75,47.75,43.7,47.4,252451,Thursday,Aug,2015
8/28/2015,47.4,50.98,46.61,49.93,415577,Friday,Aug,2015
8/30/2015,50.05,50.05,49.3,49.45,708,Sunday,Aug,2015
8/31/2015,49.41,54.32,48.25,53.12,343183,Monday,Aug,2015
9/1/2015,52.92,53.47,48.47,48.64,338156,Tuesday,Sep,2015
9/2/2015,48.59,51,47.74,50.47,262301,Wednesday,Sep,2015
9/3/2015,50.58,52.46,49.82,50.6,230840,Thursday,Sep,2015
9/4/2015,50.69,51.05,49.25,49.29,161860,Friday,Sep,2015
9/6/2015,49.27,49.44,49.21,49.35,103,Sunday,Sep,2015
9/7/2015,49.31,49.44,47.5,47.76,59638,Monday,Sep,2015
9/8/2015,47.76,49.85,47.64,49.31,177114,Tuesday,Sep,2015
9/9/2015,49.39,50.04,47.32,47.44,128120,Wednesday,Sep,2015
9/10/2015,47.46,49.9,46.76,49.72,76937,Thursday,Sep,2015
9/11/2015,49.6,49.94,48.11,49.08,128409,Friday,Sep,2015
9/13/2015,49,49.25,48.98,49.13,73,Sunday,Sep,2015
9/14/2015,49.2,49.2,47.25,47.41,114876,Monday,Sep,2015
9/15/2015,47.6,48.25,47.01,48.12,133241,Tuesday,Sep,2015
9/16/2015,48.06,50.34,47.71,49.98,191536,Wednesday,Sep,2015
9/17/2015,49.98,50.14,48.32,49.35,181765,Thursday,Sep,2015
9/18/2015,49.26,49.75,47.16,47.78,165125,Friday,Sep,2015
9/20/2015,47.64,47.77,47.55,47.57,116,Sunday,Sep,2015
9/21/2015,47.58,48.99,47.48,48.73,122688,Monday,Sep,2015
9/22/2015,48.5,49.21,47.7,49.2,137669,Tuesday,Sep,2015
9/23/2015,49.08,50.25,47.68,47.8,180587,Wednesday,Sep,2015
9/24/2015,47.88,48.47,47.4,48.33,127434,Thursday,Sep,2015
9/25/2015,48.17,49.1,47.86,48.34,145183,Friday,Sep,2015
9/27/2015,48.34,48.44,48.32,48.39,78,Sunday,Sep,2015
9/28/2015,48.35,48.41,47.25,47.4,147998,Monday,Sep,2015
9/29/2015,47.45,48.65,47.25,47.94,133424,Tuesday,Sep,2015
9/30/2015,47.97,49,47.79,48.44,155963,Wednesday,Sep,2015
10/1/2015,48.4,49.83,47.62,48.06,203872,Thursday,Oct,2015
10/2/2015,47.99,48.5,46.93,48.22,168210,Friday,Oct,2015
10/4/2015,48.08,48.3,47.84,47.88,329,Sunday,Oct,2015
10/5/2015,47.85,49.87,47.85,49.22,122472,Monday,Oct,2015
10/6/2015,49.37,52.26,48.87,52.15,188969,Tuesday,Oct,2015
10/7/2015,52.15,53.15,51.21,51.75,133502,Wednesday,Oct,2015
10/8/2015,51.76,53.52,51.28,53.3,116912,Thursday,Oct,2015
10/9/2015,53.35,54.05,52.21,52.43,111431,Friday,Oct,2015
10/11/2015,52.59,52.85,52.54,52.81,57,Sunday,Oct,2015
10/12/2015,52.84,53.62,50.16,50.63,113516,Monday,Oct,2015
10/13/2015,50.75,51.14,49.34,49.66,155811,Tuesday,Oct,2015
10/14/2015,49.4,50.02,49.21,49.58,137821,Wednesday,Oct,2015
10/15/2015,49.6,50.35,48.7,50.33,196420,Thursday,Oct,2015
10/16/2015,50.21,50.7,49.31,50.5,117065,Friday,Oct,2015
10/18/2015,50.38,50.68,50.38,50.62,183,Sunday,Oct,2015
10/19/2015,50.68,50.68,48.57,48.91,148134,Monday,Oct,2015
10/20/2015,48.83,49.2,48.22,48.56,133175,Tuesday,Oct,2015
10/21/2015,48.58,48.65,47.5,47.89,157590,Wednesday,Oct,2015
10/22/2015,47.96,48.73,47.65,48.22,121196,Thursday,Oct,2015
10/23/2015,48.32,48.65,47.45,48.08,130286,Friday,Oct,2015
10/25/2015,48,48.02,47.9,47.97,177,Sunday,Oct,2015
10/26/2015,47.96,48.33,47.3,47.46,111572,Monday,Oct,2015
10/27/2015,47.43,47.57,46.41,47.03,142338,Tuesday,Oct,2015
10/28/2015,46.91,49.23,46.61,49.12,167425,Wednesday,Oct,2015
10/29/2015,49.15,49.38,48.17,48.61,146932,Thursday,Oct,2015
10/30/2015,48.66,50,48.28,49.5,144156,Friday,Oct,2015
11/1/2015,49.42,49.5,49.37,49.39,249,Sunday,Nov,2015
11/2/2015,49.39,49.69,48.61,48.77,106228,Monday,Nov,2015
11/3/2015,48.9,50.91,48.46,50.25,185989,Tuesday,Nov,2015
11/4/2015,50.25,50.87,48.49,48.92,195640,Wednesday,Nov,2015
11/5/2015,48.84,49,47.93,48.12,106947,Thursday,Nov,2015
11/6/2015,48.05,48.58,47.27,47.66,100089,Friday,Nov,2015
11/8/2015,47.46,47.63,47.42,47.48,210,Sunday,Nov,2015
11/9/2015,47.48,48.41,47.01,47.3,113105,Monday,Nov,2015
11/10/2015,47.32,47.86,46.96,47.05,98189,Tuesday,Nov,2015
11/11/2015,47.08,48.37,46.42,46.59,128222,Wednesday,Nov,2015
11/12/2015,46.74,47.07,45,45.2,204889,Thursday,Nov,2015
11/13/2015,45.16,45.95,44.16,44.6,200301,Friday,Nov,2015
11/15/2015,44.7,44.7,44.39,44.61,579,Sunday,Nov,2015
11/16/2015,44.6,45.18,43.16,44.86,187757,Monday,Nov,2015
11/17/2015,44.7,45.1,43.5,43.99,152560,Tuesday,Nov,2015
11/18/2015,43.97,44.74,43.34,44.27,167112,Wednesday,Nov,2015
11/19/2015,44.3,44.76,43.7,44.26,115790,Thursday,Nov,2015
11/20/2015,44.29,45.5,44.07,44.48,161008,Friday,Nov,2015
11/22/2015,44.36,44.52,44.29,44.42,201,Sunday,Nov,2015
11/23/2015,44.44,45.73,43.57,45.11,212833,Monday,Nov,2015
11/24/2015,45.11,46.5,44.92,45.91,168879,Tuesday,Nov,2015
11/25/2015,46.04,46.5,45.03,46.28,139556,Wednesday,Nov,2015
11/26/2015,46.23,46.32,45,45.62,69638,Thursday,Nov,2015
11/27/2015,45.57,45.63,44.79,44.87,106395,Friday,Nov,2015
11/29/2015,44.86,44.95,44.79,44.81,356,Sunday,Nov,2015
11/30/2015,44.8,45.75,44.44,44.5,167617,Monday,Nov,2015
12/1/2015,44.62,45.18,44.03,44.28,139160,Tuesday,Dec,2015
12/2/2015,44.32,44.64,42.43,42.68,228353,Wednesday,Dec,2015
12/3/2015,42.77,44.69,42.61,44.06,166712,Thursday,Dec,2015
12/4/2015,43.98,44.82,42.67,43.22,199656,Friday,Dec,2015
12/6/2015,42.76,42.93,42.75,42.91,211,Sunday,Dec,2015
12/7/2015,42.9,43,40.6,40.66,173323,Monday,Dec,2015
12/8/2015,40.82,41.45,39.81,40.46,209238,Tuesday,Dec,2015
12/9/2015,40.63,41.59,39.57,40.33,194350,Wednesday,Dec,2015
12/10/2015,40.43,40.7,39.46,39.55,122954,Thursday,Dec,2015
12/11/2015,39.57,40.13,37.73,38.27,172687,Friday,Dec,2015
12/13/2015,38.39,38.39,38.12,38.27,163,Sunday,Dec,2015
12/14/2015,38.26,38.68,36.75,37.99,213815,Monday,Dec,2015
12/15/2015,38.1,39.69,37.81,38.45,227063,Tuesday,Dec,2015
12/16/2015,38.45,38.74,37.17,37.57,196582,Wednesday,Dec,2015
12/17/2015,37.6,37.93,36.75,36.95,151892,Thursday,Dec,2015
12/18/2015,36.81,37.73,36.41,36.55,181428,Friday,Dec,2015
12/20/2015,36.55,36.75,36.32,36.45,940,Sunday,Dec,2015
12/21/2015,36.46,36.75,36.04,36.23,114135,Monday,Dec,2015
12/22/2015,36.36,36.72,35.98,36.38,127226,Tuesday,Dec,2015
12/23/2015,36.37,37.88,36.28,37.79,147350,Wednesday,Dec,2015
12/24/2015,37.77,38.1,36.91,37.93,92540,Thursday,Dec,2015
12/27/2015,37.84,37.95,37.75,37.76,713,Sunday,Dec,2015
12/28/2015,37.76,37.85,36.41,36.6,71102,Monday,Dec,2015
12/29/2015,36.59,37.98,36.56,37.39,100631,Tuesday,Dec,2015
12/30/2015,37.29,37.55,36.35,36.68,91286,Wednesday,Dec,2015
12/31/2015,36.57,37.95,36.1,37.6,113998,Thursday,Dec,2015
1/3/2016,37.85,38.46,37.78,38.34,3248,Sunday,Jan,2016
1/4/2016,38.33,38.99,36.77,37.33,177195,Monday,Jan,2016
1/5/2016,37.27,37.57,36.24,36.59,164413,Tuesday,Jan,2016
1/6/2016,36.64,36.67,34.13,34.38,221868,Wednesday,Jan,2016
1/7/2016,34.52,34.74,32.16,33.77,180185,Thursday,Jan,2016
1/8/2016,34.02,34.72,32.78,33.26,141595,Friday,Jan,2016
1/10/2016,33.34,33.36,32.91,32.99,381,Sunday,Jan,2016
1/11/2016,32.95,33.73,31.52,31.6,155020,Monday,Jan,2016
1/12/2016,31.77,32.69,30.5,30.83,202482,Tuesday,Jan,2016
1/13/2016,31.25,31.83,29.94,30.24,250587,Wednesday,Jan,2016
1/14/2016,30.23,31.19,29.7,31.1,219498,Thursday,Jan,2016
1/15/2016,31,31.02,28.82,29.11,223796,Friday,Jan,2016
1/17/2016,28.73,28.8,27.67,28.13,3629,Sunday,Jan,2016
1/18/2016,28.15,29.57,27.99,28.74,126746,Monday,Jan,2016
1/19/2016,28.7,30.24,28.6,28.73,202176,Tuesday,Jan,2016
1/20/2016,28.66,28.75,27.1,27.79,203548,Wednesday,Jan,2016
1/21/2016,27.99,29.84,27.29,29.72,273127,Thursday,Jan,2016
1/22/2016,29.62,32.3,29.29,32.08,240280,Friday,Jan,2016
1/25/2016,32.69,32.81,30,30.09,160814,Monday,Jan,2016
1/26/2016,30.01,32.72,29.27,31.09,213503,Tuesday,Jan,2016
1/27/2016,31.2,33.49,30.84,33.01,175106,Wednesday,Jan,2016
1/28/2016,32.84,35.84,32.56,34.55,114751,Thursday,Jan,2016
1/29/2016,34,36.17,34,35.87,297335,Friday,Jan,2016
1/31/2016,35.91,36.25,35.66,35.91,1337,Sunday,Jan,2016
2/1/2016,35.92,36.05,33.92,34.13,256570,Monday,Feb,2016
2/2/2016,34.12,34.13,32.23,32.57,253895,Tuesday,Feb,2016
2/3/2016,32.41,35.53,32.3,35.47,320545,Wednesday,Feb,2016
2/4/2016,35.32,35.84,34.15,34.39,223450,Thursday,Feb,2016
2/5/2016,34.39,35.14,33.81,34.13,185374,Friday,Feb,2016
2/7/2016,33.99,34.21,33.88,33.88,316,Sunday,Feb,2016
2/8/2016,33.88,34.68,32.77,33.21,164516,Monday,Feb,2016
2/9/2016,33.17,33.56,30.28,30.81,256841,Tuesday,Feb,2016
2/10/2016,30.94,31.9,30.35,30.97,232562,Wednesday,Feb,2016
2/11/2016,30.83,31.35,29.92,31.13,243327,Thursday,Feb,2016
2/12/2016,31.31,33.44,30.85,32.65,259523,Friday,Feb,2016
2/14/2016,32.77,32.95,32.67,32.85,401,Sunday,Feb,2016
2/15/2016,32.89,34.09,32.81,34.03,108049,Monday,Feb,2016
2/16/2016,34.51,35.54,31.92,32.3,356911,Tuesday,Feb,2016
2/17/2016,32.54,34.99,31.82,34.87,240099,Wednesday,Feb,2016
2/18/2016,34.91,35.73,33.79,33.99,263401,Thursday,Feb,2016
2/19/2016,33.88,34.46,32.68,33.12,160221,Friday,Feb,2016
2/21/2016,33.15,33.22,32.85,32.97,478,Sunday,Feb,2016
2/22/2016,32.96,34.97,32.9,34.67,149846,Monday,Feb,2016
2/23/2016,34.54,35.11,32.9,32.9,167113,Tuesday,Feb,2016
2/24/2016,32.98,34.67,32.37,34.41,207764,Wednesday,Feb,2016
2/25/2016,34.39,35.74,33.3,35.06,84727,Thursday,Feb,2016
2/26/2016,35.1,37,34.74,35.13,52660,Friday,Feb,2016
2/28/2016,35.43,35.44,35.2,35.23,453,Sunday,Feb,2016
2/29/2016,35.25,36.74,35.08,36.64,212398,Monday,Feb,2016
3/1/2016,36.6,37.25,35.95,36.6,243836,Tuesday,Mar,2016
3/2/2016,36.62,37.4,36.1,37.06,250894,Wednesday,Mar,2016
3/3/2016,36.93,37.37,36.35,37.06,161152,Thursday,Mar,2016
3/4/2016,37.04,38.95,36.82,38.93,279692,Friday,Mar,2016
3/6/2016,38.88,39.2,38.87,39.01,1008,Sunday,Mar,2016
3/7/2016,39.02,41.04,38.88,40.83,276213,Monday,Mar,2016
3/8/2016,40.71,41.48,39.31,39.54,292559,Tuesday,Mar,2016
3/9/2016,39.65,41.18,39.39,40.84,236068,Wednesday,Mar,2016
3/10/2016,40.89,41,39.63,40.16,231872,Thursday,Mar,2016
3/11/2016,40.33,41.03,40.02,40.38,186989,Friday,Mar,2016
3/13/2016,40.25,40.47,40.2,40.34,484,Sunday,Mar,2016
3/14/2016,40.37,40.5,38.82,39.73,209148,Monday,Mar,2016
3/15/2016,39.66,39.74,38.33,38.95,184154,Tuesday,Mar,2016
3/16/2016,39.14,40.44,38.83,40.21,163619,Wednesday,Mar,2016
3/17/2016,40.45,41.6,40.41,41.43,161476,Thursday,Mar,2016
3/18/2016,41.38,42.54,41.07,41.46,174027,Friday,Mar,2016
3/20/2016,41.31,41.39,41.06,41.06,437,Sunday,Mar,2016
3/21/2016,41.07,41.88,40.48,41.41,123496,Monday,Mar,2016
3/22/2016,41.47,42.08,40.97,41.58,139340,Tuesday,Mar,2016
3/23/2016,41.56,41.82,40.61,40.73,109379,Wednesday,Mar,2016
3/24/2016,40.4,40.64,39.22,40.45,131305,Thursday,Mar,2016
3/27/2016,41.16,41.28,41.11,41.2,194,Sunday,Mar,2016
3/28/2016,41.2,41.62,40.23,40.76,40523,Monday,Mar,2016
3/29/2016,40.8,40.85,39.46,40.03,132990,Tuesday,Mar,2016
3/30/2016,40.13,41.35,39.88,39.94,168368,Wednesday,Mar,2016
3/31/2016,39.84,40.85,39.5,40.14,207923,Thursday,Mar,2016
4/1/2016,40.14,40.43,38.55,38.75,203107,Friday,Apr,2016
4/3/2016,38.69,38.69,38.25,38.28,793,Sunday,Apr,2016
4/4/2016,38.29,38.92,37.5,37.58,169038,Monday,Apr,2016
4/5/2016,37.5,38.44,37.27,38.33,161928,Tuesday,Apr,2016
4/6/2016,38.4,39.94,38.34,39.75,195498,Wednesday,Apr,2016
4/7/2016,39.9,40.29,38.7,39.66,174065,Thursday,Apr,2016
4/8/2016,39.68,42.01,39.62,41.89,212185,Friday,Apr,2016
4/10/2016,42,42.45,41.88,42.44,694,Sunday,Apr,2016
4/11/2016,42.44,43.06,41.41,42.81,178061,Monday,Apr,2016
4/12/2016,42.7,44.81,42.56,44.28,231417,Tuesday,Apr,2016
4/13/2016,44.44,44.94,43.76,43.9,210814,Wednesday,Apr,2016
4/14/2016,44.01,44.62,43.29,43.78,143944,Thursday,Apr,2016
4/15/2016,43.8,44.05,42.28,42.85,182748,Friday,Apr,2016
4/17/2016,40.8,40.86,40.1,40.58,9950,Sunday,Apr,2016
4/18/2016,40.58,43.43,40.57,43.16,262207,Monday,Apr,2016
4/19/2016,43.14,44.5,42.6,43.8,217908,Tuesday,Apr,2016
4/20/2016,43.52,45.88,42.81,45.59,210428,Wednesday,Apr,2016
4/21/2016,45.54,46.18,44.44,44.73,209909,Thursday,Apr,2016
4/22/2016,44.75,45.9,44.3,45.16,150857,Friday,Apr,2016
4/24/2016,45.13,45.13,44.92,44.98,301,Sunday,Apr,2016
4/25/2016,44.95,45.59,44.26,44.76,134011,Monday,Apr,2016
4/26/2016,44.69,46.49,44.36,46.42,123824,Tuesday,Apr,2016
4/27/2016,46.09,47.2,45.44,47,171626,Wednesday,Apr,2016
4/28/2016,46.87,47.82,46.51,47.68,154012,Thursday,Apr,2016
4/29/2016,47.58,48.29,46.76,47.32,208921,Friday,Apr,2016
5/1/2016,47.37,47.39,47.01,47.01,555,Sunday,May,2016
5/2/2016,47.03,47.33,45.72,45.91,122841,Monday,May,2016
5/3/2016,45.8,46.4,44.62,45.23,196285,Tuesday,May,2016
5/4/2016,45.21,46.01,44.19,44.92,205079,Wednesday,May,2016
5/5/2016,45.08,46.77,44.65,45.22,197070,Thursday,May,2016
5/6/2016,45.16,46.12,44.19,45.28,191619,Friday,May,2016
5/8/2016,46.08,46.48,46.03,46.28,2406,Sunday,May,2016
5/9/2016,46.31,46.31,43.43,43.45,214746,Monday,May,2016
5/10/2016,43.49,45.7,43.33,45.44,193316,Tuesday,May,2016
5/11/2016,45.59,47.75,44.8,47.4,229065,Wednesday,May,2016
5/12/2016,47.32,48.19,46.8,47.91,193843,Thursday,May,2016
5/13/2016,47.85,48.12,47.26,47.85,147945,Friday,May,2016
5/15/2016,47.82,48.15,47.77,47.92,1120,Sunday,May,2016
5/16/2016,47.92,49.47,47.81,49.13,158239,Monday,May,2016
5/17/2016,49.03,49.75,48.57,49.36,158314,Tuesday,May,2016
5/18/2016,49.36,49.85,48.45,48.54,196972,Wednesday,May,2016
5/19/2016,48.67,48.88,47.38,48.88,194055,Thursday,May,2016
5/20/2016,48.9,49.39,48.07,48.74,150873,Friday,May,2016
5/22/2016,48.72,48.84,48.54,48.64,414,Sunday,May,2016
5/23/2016,48.62,48.7,47.58,48.39,115800,Monday,May,2016
5/24/2016,48.35,49.24,47.8,49.04,128133,Tuesday,May,2016
5/25/2016,49.16,49.96,48.91,49.78,135533,Wednesday,May,2016
5/26/2016,49.76,50.51,49.25,49.33,95972,Thursday,May,2016
5/27/2016,49.97,50.13,49.34,50.03,107284,Friday,May,2016
5/30/2016,50.02,50.43,49.55,50.28,34555,Monday,May,2016
5/31/2016,50.3,50.87,49.5,49.52,149012,Tuesday,May,2016
6/1/2016,49.65,50,48.65,49.74,172007,Wednesday,Jun,2016
6/2/2016,49.63,50.3,48.84,49.95,182231,Thursday,Jun,2016
6/3/2016,49.95,50.33,49.3,49.84,142199,Friday,Jun,2016
6/5/2016,49.83,49.96,49.83,49.83,183,Sunday,Jun,2016
6/6/2016,49.83,50.83,49.72,50.48,142495,Monday,Jun,2016
6/7/2016,50.46,51.54,50.28,51.49,151508,Tuesday,Jun,2016
6/8/2016,51.41,52.8,51.32,52.7,194655,Wednesday,Jun,2016
6/9/2016,52.74,52.86,51.53,51.86,152392,Thursday,Jun,2016
6/10/2016,51.91,52.1,50.33,50.48,153969,Friday,Jun,2016
6/12/2016,50.42,50.42,50.12,50.27,893,Sunday,Jun,2016
6/13/2016,50.27,50.79,49.61,50,143079,Monday,Jun,2016
6/14/2016,49.89,50.05,49.2,49.25,138261,Tuesday,Jun,2016
6/15/2016,49.22,49.8,48.39,48.62,183805,Wednesday,Jun,2016
6/16/2016,48.56,48.77,46.94,47.03,223391,Thursday,Jun,2016
6/17/2016,47.28,49.4,47.25,49.25,182101,Friday,Jun,2016
6/19/2016,49.42,49.58,49.34,49.46,511,Sunday,Jun,2016
6/20/2016,49.46,50.68,49.36,50.41,164194,Monday,Jun,2016
6/21/2016,50.43,51.1,49.46,50.95,159002,Tuesday,Jun,2016
6/22/2016,51.06,51.24,49.18,49.89,188149,Wednesday,Jun,2016
6/23/2016,50.14,51.18,49.89,51.14,146431,Thursday,Jun,2016
6/24/2016,50.69,50.74,47.54,48.41,263393,Friday,Jun,2016
6/26/2016,48.43,49.1,48.41,48.73,1071,Sunday,Jun,2016
6/27/2016,48.76,49.48,47.3,48.11,133561,Monday,Jun,2016
6/28/2016,47.61,48.79,47.47,48.66,67719,Tuesday,Jun,2016
6/29/2016,49.49,51.44,49.33,50.96,184120,Wednesday,Jun,2016
6/30/2016,50.94,51.02,49.53,49.74,188659,Thursday,Jun,2016
7/1/2016,49.9,50.66,49.25,50.55,156808,Friday,Jul,2016
7/3/2016,50.6,50.68,50.35,50.53,331,Sunday,Jul,2016
7/4/2016,50.54,50.75,50.03,50.04,59508,Monday,Jul,2016
7/5/2016,50.03,50.05,47.54,48.18,204852,Tuesday,Jul,2016
7/6/2016,48.06,49.31,47.17,49.25,215327,Wednesday,Jul,2016
7/7/2016,49.12,49.59,46.15,46.45,232673,Thursday,Jul,2016
7/8/2016,46.6,47.23,46.15,46.44,161181,Friday,Jul,2016
7/10/2016,46.49,46.67,46.31,46.61,270,Sunday,Jul,2016
7/11/2016,46.58,47.1,45.9,46.07,128724,Monday,Jul,2016
7/12/2016,46.17,48.57,46.09,48.19,188473,Tuesday,Jul,2016
7/13/2016,48.13,48.2,46.09,46.56,192832,Wednesday,Jul,2016
7/14/2016,46.59,47.47,46.34,47.13,147726,Thursday,Jul,2016
7/15/2016,47.03,48.25,46.65,48.09,139275,Friday,Jul,2016
7/17/2016,47.92,47.95,47.3,47.67,1080,Sunday,Jul,2016
7/18/2016,47.69,47.9,46.5,47.03,132312,Monday,Jul,2016
7/19/2016,46.93,47.49,46.53,46.71,120435,Tuesday,Jul,2016
7/20/2016,46.76,47.49,45.9,47.13,187566,Wednesday,Jul,2016
7/21/2016,47.17,47.56,46.05,46.19,121022,Thursday,Jul,2016
7/22/2016,46.21,46.5,45.17,45.74,139792,Friday,Jul,2016
7/24/2016,45.7,45.73,45.55,45.63,155,Sunday,Jul,2016
7/25/2016,45.65,45.87,44.55,45.06,109962,Monday,Jul,2016
7/26/2016,45.17,45.34,44.53,44.91,83400,Tuesday,Jul,2016
7/27/2016,44.9,45.33,43.72,43.82,157538,Wednesday,Jul,2016
7/28/2016,43.95,44.15,43.13,43.16,165848,Thursday,Jul,2016
7/29/2016,43.14,43.6,42.52,43.21,181881,Friday,Jul,2016
7/31/2016,43.11,43.38,43.11,43.27,305,Sunday,Jul,2016
8/1/2016,43.26,43.85,41.87,42.22,164939,Monday,Aug,2016
8/2/2016,42.23,43.18,41.51,41.97,184155,Tuesday,Aug,2016
8/3/2016,41.94,43.47,41.56,43.44,200589,Wednesday,Aug,2016
8/4/2016,43.36,44.34,42.51,44.22,167013,Thursday,Aug,2016
8/5/2016,44.18,44.49,43.51,44.42,153261,Friday,Aug,2016
8/7/2016,44.34,44.42,44.25,44.3,129,Sunday,Aug,2016
8/8/2016,44.31,45.71,44.24,45.18,149109,Monday,Aug,2016
8/9/2016,45.25,45.77,44.76,44.99,137183,Tuesday,Aug,2016
8/10/2016,44.92,45.68,43.81,43.84,186356,Wednesday,Aug,2016
8/11/2016,43.78,46.3,43.46,45.96,220786,Thursday,Aug,2016
8/12/2016,46.18,47.25,45.74,47.08,149167,Friday,Aug,2016
8/14/2016,47.14,47.25,47.01,47.15,108,Sunday,Aug,2016
8/15/2016,47.13,48.54,46.84,48.1,170172,Monday,Aug,2016
8/16/2016,48.22,49.36,47.9,48.9,171880,Tuesday,Aug,2016
8/17/2016,48.88,49.93,48.55,49.8,204645,Wednesday,Aug,2016
8/18/2016,49.76,51.05,49.52,50.9,166611,Thursday,Aug,2016
8/19/2016,50.96,51.22,50.32,50.79,144473,Friday,Aug,2016
8/21/2016,50.7,50.7,50.35,50.4,1693,Sunday,Aug,2016
8/22/2016,50.38,50.57,49.07,49.1,153093,Monday,Aug,2016
8/23/2016,49.04,50.21,48.48,49.58,186990,Tuesday,Aug,2016
8/24/2016,49.57,49.87,48.68,49.03,151269,Wednesday,Aug,2016
8/25/2016,49.03,49.93,48.7,49.93,118246,Thursday,Aug,2016
8/26/2016,49.91,50.99,49.38,49.79,98474,Friday,Aug,2016
8/28/2016,49.77,49.82,49.68,49.68,273,Sunday,Aug,2016
8/29/2016,49.67,49.83,49.15,49.41,73823,Monday,Aug,2016
8/30/2016,49.45,49.9,48.48,48.68,148770,Tuesday,Aug,2016
8/31/2016,48.65,48.77,46.77,46.97,204364,Wednesday,Aug,2016
9/1/2016,46.98,47.24,45.32,45.82,205243,Thursday,Sep,2016
9/2/2016,45.79,47.02,45.41,46.68,216491,Friday,Sep,2016
9/4/2016,46.7,46.71,46.62,46.66,193,Sunday,Sep,2016
9/5/2016,46.65,49.4,46.4,47.4,235993,Monday,Sep,2016
9/6/2016,47.43,47.99,46.29,47.36,162964,Tuesday,Sep,2016
9/7/2016,47.2,48.56,46.97,48.55,159176,Wednesday,Sep,2016
9/8/2016,48.55,50.14,48.21,49.69,207326,Thursday,Sep,2016
9/9/2016,49.63,49.7,47.76,47.88,162500,Friday,Sep,2016
9/11/2016,47.81,47.84,47.3,47.56,1290,Sunday,Sep,2016
9/12/2016,47.57,48.63,46.9,48.15,178756,Monday,Sep,2016
9/13/2016,48.17,48.22,46.96,47.19,173439,Tuesday,Sep,2016
9/14/2016,47.33,47.48,45.7,45.97,218323,Wednesday,Sep,2016
9/15/2016,46.06,47,45.67,46.41,175363,Thursday,Sep,2016
9/16/2016,46.31,46.41,45.48,46.05,149663,Friday,Sep,2016
9/18/2016,46.01,46.27,45.89,46.23,512,Sunday,Sep,2016
9/19/2016,46.24,46.93,45.85,45.92,137720,Monday,Sep,2016
9/20/2016,45.91,46.3,45.09,46.2,191433,Tuesday,Sep,2016
9/21/2016,46.45,47.14,46.38,47.05,151960,Wednesday,Sep,2016
9/22/2016,46.99,47.83,46.99,47.46,129060,Thursday,Sep,2016
9/23/2016,47.42,48.26,45.65,46.07,188515,Friday,Sep,2016
9/25/2016,46.62,46.91,46.58,46.86,312,Sunday,Sep,2016
9/26/2016,46.87,48.24,46.3,47.54,116740,Monday,Sep,2016
9/27/2016,47.71,47.89,46.17,46.75,153982,Tuesday,Sep,2016
9/28/2016,46.75,49.5,46.26,49.43,330427,Wednesday,Sep,2016
9/29/2016,49.46,50.39,48.55,49.62,254838,Thursday,Sep,2016
9/30/2016,49.76,50.27,48.9,49.99,182181,Friday,Sep,2016
10/2/2016,50.02,50.05,49.83,49.9,382,Sunday,Oct,2016
10/3/2016,49.88,51.14,49.74,50.8,180889,Monday,Oct,2016
10/4/2016,50.93,51.55,50.34,51.31,179854,Tuesday,Oct,2016
10/5/2016,51.22,52.09,51.22,51.61,183458,Wednesday,Oct,2016
10/6/2016,51.76,52.75,51.32,52.59,177553,Thursday,Oct,2016
10/7/2016,52.72,52.84,51.33,51.69,185691,Friday,Oct,2016
10/9/2016,51.63,51.8,51.48,51.53,636,Sunday,Oct,2016
10/10/2016,51.51,53.73,51.3,52.92,192779,Monday,Oct,2016
10/11/2016,53.11,53.32,52.12,52.53,189329,Tuesday,Oct,2016
10/12/2016,52.48,52.87,51.61,51.66,160178,Wednesday,Oct,2016
10/13/2016,51.6,52.15,50.92,51.96,171390,Thursday,Oct,2016
10/14/2016,52.06,52.55,51.5,52,125868,Friday,Oct,2016
10/16/2016,51.93,51.97,51.75,51.79,453,Sunday,Oct,2016
10/17/2016,51.79,52.29,51.16,51.68,136091,Monday,Oct,2016
10/18/2016,51.72,52.15,51.25,52.15,128987,Tuesday,Oct,2016
10/19/2016,52.13,53.14,52.09,52.54,167973,Wednesday,Oct,2016
10/20/2016,52.6,52.72,51.17,51.39,149087,Thursday,Oct,2016
10/21/2016,51.4,51.94,51.12,51.92,122261,Friday,Oct,2016
10/23/2016,51.89,51.92,51.47,51.56,469,Sunday,Oct,2016
10/24/2016,51.6,52.01,50.5,51.48,136259,Monday,Oct,2016
10/25/2016,51.44,51.83,50.22,51.29,135021,Tuesday,Oct,2016
10/26/2016,51.26,51.8,50.75,51.07,131587,Wednesday,Oct,2016
10/27/2016,51.1,51.98,50.94,51.43,148817,Thursday,Oct,2016
10/28/2016,51.51,51.66,50.34,50.57,153982,Friday,Oct,2016
10/30/2016,50.34,50.44,50.26,50.35,2551,Sunday,Oct,2016
10/31/2016,50.34,50.76,48.45,48.51,235832,Monday,Oct,2016
11/1/2016,48.72,49.26,47.72,47.9,249773,Tuesday,Nov,2016
11/2/2016,47.9,48.02,46.46,47.08,229932,Wednesday,Nov,2016
11/3/2016,47.15,47.52,45.99,46.28,175216,Thursday,Nov,2016
11/4/2016,46.43,46.56,45.08,45.6,240701,Friday,Nov,2016
11/6/2016,45.7,46.04,45.7,45.94,1932,Sunday,Nov,2016
11/7/2016,45.95,46.38,45.38,46.33,159938,Monday,Nov,2016
11/8/2016,46.3,46.69,45.6,45.82,177014,Tuesday,Nov,2016
11/9/2016,46.04,46.95,44.4,46.5,249300,Wednesday,Nov,2016
11/10/2016,46.36,46.92,45.56,45.66,160191,Thursday,Nov,2016
11/11/2016,45.8,45.89,44.19,44.52,169364,Friday,Nov,2016
11/13/2016,44.54,44.94,44.54,44.86,364,Sunday,Nov,2016
11/14/2016,44.88,44.99,43.57,44.76,168627,Monday,Nov,2016
11/15/2016,44.7,47.25,44.67,46.91,203023,Tuesday,Nov,2016
11/16/2016,46.88,47.56,46.25,46.34,198561,Wednesday,Nov,2016
11/17/2016,46.44,47.62,45.97,46,159824,Thursday,Nov,2016
11/18/2016,46.05,46.99,45.75,46.89,161773,Friday,Nov,2016
11/20/2016,46.92,47.49,46.92,47.36,1202,Sunday,Nov,2016
11/21/2016,47.35,49.15,47.17,49.04,179139,Monday,Nov,2016
11/22/2016,49.25,49.96,48.14,49.05,235895,Tuesday,Nov,2016
11/23/2016,49.2,49.5,48.56,48.88,141563,Wednesday,Nov,2016
11/24/2016,49.03,49.21,48.76,48.86,46314,Thursday,Nov,2016
11/25/2016,48.96,49.02,46.85,47.12,117615,Friday,Nov,2016
11/27/2016,47.97,47.97,47.3,47.42,1856,Sunday,Nov,2016
11/28/2016,47.41,49.76,47.38,48.99,201340,Monday,Nov,2016
11/29/2016,49.06,49.07,46.91,47.26,249505,Tuesday,Nov,2016
11/30/2016,47.51,52.37,47.4,51.52,522586,Wednesday,Nov,2016
12/1/2016,51.72,54.53,51.51,53.7,280322,Thursday,Dec,2016
12/2/2016,53.88,54.5,52.84,54.49,199243,Friday,Dec,2016
12/4/2016,54.4,54.44,53.85,54.09,1947,Sunday,Dec,2016
12/5/2016,54.08,55.33,53.77,54.19,178920,Monday,Dec,2016
12/6/2016,54.5,54.94,53.51,53.89,163506,Tuesday,Dec,2016
12/7/2016,53.94,54.23,52.92,53.02,165876,Wednesday,Dec,2016
12/8/2016,53.15,54.05,52.81,53.98,163775,Thursday,Dec,2016
12/9/2016,53.97,54.46,53.77,54.36,128064,Friday,Dec,2016
12/11/2016,55.88,57.89,55.55,56.8,10137,Sunday,Dec,2016
12/12/2016,56.76,57.26,55.11,55.45,206568,Monday,Dec,2016
12/13/2016,55.7,56.44,55.13,55.23,129488,Tuesday,Dec,2016
12/14/2016,55.16,55.81,53.52,53.72,193301,Wednesday,Dec,2016
12/15/2016,53.76,54.5,53.15,54.23,152316,Thursday,Dec,2016
12/16/2016,54.11,55.38,53.71,55.33,141092,Friday,Dec,2016
12/18/2016,55.4,55.58,55.28,55.3,896,Sunday,Dec,2016
12/19/2016,55.29,55.8,54.69,55.07,95204,Monday,Dec,2016
12/20/2016,55.02,55.92,54.75,55.54,108707,Tuesday,Dec,2016
12/21/2016,55.52,55.87,54.32,54.53,114468,Wednesday,Dec,2016
12/22/2016,54.55,55.23,54.05,54.9,103725,Thursday,Dec,2016
12/23/2016,54.84,55.25,54.26,55.08,64113,Friday,Dec,2016
12/27/2016,55.96,57.82,55.77,56.95,62244,Tuesday,Dec,2016
12/28/2016,56.71,57.27,56.61,56.63,89785,Wednesday,Dec,2016
12/29/2016,56.73,57.33,56.66,56.95,120840,Thursday,Dec,2016
12/30/2016,57,57.2,56.46,56.75,86858,Friday,Dec,2016
1/2/2017,56.82,56.82,56.82,56.82,1,Monday,Jan,2017
1/3/2017,57.05,58.37,55.3,55.56,226241,Tuesday,Jan,2017
1/4/2017,55.73,56.55,55.33,56.47,155502,Wednesday,Jan,2017
1/5/2017,56.35,57.35,56.01,56.9,159774,Thursday,Jan,2017
1/6/2017,56.88,57.47,56.28,56.75,130683,Friday,Jan,2017
1/8/2017,56.81,56.99,56.81,56.97,276,Sunday,Jan,2017
1/9/2017,56.96,57,54.74,54.82,162904,Monday,Jan,2017
1/10/2017,54.95,55.36,53.58,53.63,191134,Tuesday,Jan,2017
1/11/2017,53.8,55.67,53.7,55.33,223175,Wednesday,Jan,2017
1/12/2017,55.19,56.43,55.01,56.11,168444,Thursday,Jan,2017
1/13/2017,56,56.21,55.28,55.59,131593,Friday,Jan,2017
1/16/2017,55.64,55.92,55.19,55.68,60334,Monday,Jan,2017
1/17/2017,55.74,56.95,55.4,55.47,167423,Tuesday,Jan,2017
1/18/2017,55.48,55.9,53.77,54.25,211623,Wednesday,Jan,2017
1/19/2017,54.29,54.77,53.9,54.21,150345,Thursday,Jan,2017
1/20/2017,54.33,55.8,54.18,55.49,159750,Friday,Jan,2017
1/22/2017,55.7,55.75,55.42,55.6,992,Sunday,Jan,2017
1/23/2017,55.6,55.63,54.65,55.37,138770,Monday,Jan,2017
1/24/2017,55.42,55.86,55.07,55.16,110996,Tuesday,Jan,2017
1/25/2017,55.24,55.75,54.75,55.65,132397,Wednesday,Jan,2017
1/26/2017,55.73,56.78,55.48,56.45,117416,Thursday,Jan,2017
1/27/2017,56.33,56.72,55.09,55.65,134761,Friday,Jan,2017
1/29/2017,55.66,55.68,55.39,55.43,301,Sunday,Jan,2017
1/30/2017,55.44,55.86,55.04,55.32,127056,Monday,Jan,2017
1/31/2017,55.34,56.44,54.96,55.49,203539,Tuesday,Jan,2017
2/1/2017,55.55,56.83,55.36,56.59,187248,Wednesday,Feb,2017
2/2/2017,56.53,57.45,56.33,56.74,178082,Thursday,Feb,2017
2/3/2017,56.92,57.29,56.39,56.72,136945,Friday,Feb,2017
2/5/2017,56.85,56.91,56.73,56.91,312,Sunday,Feb,2017
2/6/2017,56.91,57.13,55.65,55.89,136788,Monday,Feb,2017
2/7/2017,55.91,55.98,54.58,54.66,176445,Tuesday,Feb,2017
2/8/2017,54.5,55.68,54.44,55.16,178003,Wednesday,Feb,2017
2/9/2017,55.3,55.92,55.23,55.74,117740,Thursday,Feb,2017
2/10/2017,55.66,56.88,55.59,56.61,154834,Friday,Feb,2017
2/12/2017,56.68,56.81,56.65,56.7,204,Sunday,Feb,2017
2/13/2017,56.71,56.79,55.41,55.66,140503,Monday,Feb,2017
2/14/2017,55.75,56.46,55.53,55.8,120613,Tuesday,Feb,2017
2/15/2017,55.82,56.25,55.56,55.69,118142,Wednesday,Feb,2017
2/16/2017,55.74,56.24,55.13,55.81,158184,Thursday,Feb,2017
2/17/2017,55.73,55.88,55.1,55.72,109011,Friday,Feb,2017
2/19/2017,55.9,55.98,55.77,55.78,281,Sunday,Feb,2017
2/20/2017,55.77,56.42,55.7,56.15,57778,Monday,Feb,2017
2/21/2017,56.17,57.31,56.1,56.67,104293,Tuesday,Feb,2017
2/22/2017,56.74,57.01,55.64,56.19,115100,Wednesday,Feb,2017
2/23/2017,56.2,57.26,56.18,56.47,120861,Thursday,Feb,2017
2/24/2017,56.4,56.66,55.74,56.04,48023,Friday,Feb,2017
2/26/2017,56.32,56.39,56.28,56.35,391,Sunday,Feb,2017
2/27/2017,56.35,57.06,56.29,56.43,119795,Monday,Feb,2017
2/28/2017,56.52,56.64,55.62,56.45,220262,Tuesday,Feb,2017
3/1/2017,56.45,57.05,56.24,56.28,156703,Wednesday,Mar,2017
3/2/2017,56.31,56.44,55.03,55.03,210940,Thursday,Mar,2017
3/3/2017,55.18,55.95,55.09,55.71,144251,Friday,Mar,2017
3/5/2017,55.8,56,55.8,55.91,1419,Sunday,Mar,2017
3/6/2017,55.89,56.25,55.32,55.94,131220,Monday,Mar,2017
3/7/2017,55.95,56.65,55.56,55.6,144108,Tuesday,Mar,2017
3/8/2017,55.63,55.77,52.93,53.16,282244,Wednesday,Mar,2017
3/9/2017,53.49,53.86,51.5,52.38,336458,Thursday,Mar,2017
3/10/2017,52.33,53.02,51.14,51.27,224090,Friday,Mar,2017
3/12/2017,51.49,51.49,50.85,50.99,4708,Sunday,Mar,2017
3/13/2017,51,51.7,50.92,51.33,170827,Monday,Mar,2017
3/14/2017,51.34,51.86,50.25,51.84,266119,Tuesday,Mar,2017
3/15/2017,51.5,52.15,51.36,52,180170,Wednesday,Mar,2017
3/16/2017,52.08,52.65,51.5,51.74,157291,Thursday,Mar,2017
3/17/2017,51.74,52.18,51.53,51.67,99138,Friday,Mar,2017
3/19/2017,51.8,51.8,51.66,51.68,525,Sunday,Mar,2017
3/20/2017,51.68,51.94,51.01,51.72,137801,Monday,Mar,2017
3/21/2017,51.7,52.22,50.73,50.85,156322,Tuesday,Mar,2017
3/22/2017,50.86,50.98,49.71,50.68,189809,Wednesday,Mar,2017
3/23/2017,50.83,51.1,50.25,50.51,114353,Thursday,Mar,2017
3/24/2017,50.64,51.06,50.4,50.97,77801,Friday,Mar,2017
3/26/2017,51.15,51.19,50.9,51.12,910,Sunday,Mar,2017
3/27/2017,51.1,51.14,50.13,50.94,89721,Monday,Mar,2017
3/28/2017,50.98,52,50.92,51.42,120853,Tuesday,Mar,2017
3/29/2017,51.49,52.61,51.45,52.55,158279,Wednesday,Mar,2017
3/30/2017,52.53,53.27,52.17,53.07,171946,Thursday,Mar,2017
3/31/2017,53.04,53.77,52.6,53.62,211716,Friday,Mar,2017
4/2/2017,53.62,53.63,53.46,53.48,659,Sunday,Apr,2017
4/3/2017,53.5,53.74,53.03,53.1,123567,Monday,Apr,2017
4/4/2017,53.18,54.38,52.73,54.26,158286,Tuesday,Apr,2017
4/5/2017,54.22,55.09,53.97,54.01,185600,Wednesday,Apr,2017
4/6/2017,54.13,55,54.02,54.9,121444,Thursday,Apr,2017
4/7/2017,54.88,56.08,54.57,55.26,193763,Friday,Apr,2017
4/9/2017,55.19,55.52,55.19,55.42,396,Sunday,Apr,2017
4/10/2017,55.44,56.05,55.23,56,131976,Monday,Apr,2017
4/11/2017,56.08,56.3,55.45,56.29,155798,Tuesday,Apr,2017
4/12/2017,56.28,56.65,55.5,55.62,165107,Wednesday,Apr,2017
4/13/2017,55.66,56.06,55.56,55.64,112860,Thursday,Apr,2017
4/16/2017,55.55,55.78,55.55,55.67,503,Sunday,Apr,2017
4/17/2017,55.65,55.98,55.29,55.48,72483,Monday,Apr,2017
4/18/2017,55.39,55.48,54.61,54.82,155422,Tuesday,Apr,2017
4/19/2017,54.78,55.2,52.58,53.08,217130,Wednesday,Apr,2017
4/20/2017,53.09,53.55,52.68,52.99,174646,Thursday,Apr,2017
4/21/2017,53,53.29,51.57,52.05,175783,Friday,Apr,2017
4/23/2017,52.11,52.36,52.07,52.2,1192,Sunday,Apr,2017
4/24/2017,52.22,52.57,51.42,51.61,116993,Monday,Apr,2017
4/25/2017,51.6,52.45,51.3,52.42,119055,Tuesday,Apr,2017
4/26/2017,52.32,52.95,51.85,52.07,169679,Wednesday,Apr,2017
4/27/2017,52.11,52.28,51.01,52.07,226586,Thursday,Apr,2017
4/28/2017,51.95,52.6,51.62,51.89,187574,Friday,Apr,2017
4/30/2017,51.88,51.94,51.81,51.85,378,Sunday,Apr,2017
5/1/2017,51.85,51.97,51.22,51.46,77485,Monday,May,2017
5/2/2017,51.39,52.16,50.14,51.13,216774,Tuesday,May,2017
5/3/2017,50.99,51.14,50.2,50.62,201916,Wednesday,May,2017
5/4/2017,50.59,50.73,48.16,48.35,319351,Thursday,May,2017
5/5/2017,48.45,49.63,46.64,49.47,307736,Friday,May,2017
5/7/2017,49.27,49.56,49.27,49.45,777,Sunday,May,2017
5/8/2017,49.45,49.92,48.48,49.45,205200,Monday,May,2017
5/9/2017,49.44,49.72,48.39,48.99,179665,Tuesday,May,2017
5/10/2017,48.95,50.63,48.81,50.28,205586,Wednesday,May,2017
5/11/2017,50.28,51.16,50.25,50.77,163314,Thursday,May,2017
5/12/2017,50.76,51.09,50.33,50.91,139073,Friday,May,2017
5/14/2017,50.84,50.86,50.74,50.76,122,Sunday,May,2017
5/15/2017,50.75,52.63,50.74,51.8,191306,Monday,May,2017
5/16/2017,51.88,52.36,51.1,51.23,154080,Tuesday,May,2017
5/17/2017,51.2,52.61,51.04,52.09,191628,Wednesday,May,2017
5/18/2017,52.19,52.74,51.11,52.5,196000,Thursday,May,2017
5/19/2017,52.57,53.82,52.55,53.8,166740,Friday,May,2017
5/21/2017,53.85,54.01,53.83,54.01,1253,Sunday,May,2017
5/22/2017,54.02,54.37,53.66,53.74,160197,Monday,May,2017
5/23/2017,53.87,54.43,53.2,54.16,148916,Tuesday,May,2017
5/24/2017,54.14,54.62,53.66,53.86,164905,Wednesday,May,2017
5/25/2017,54.15,54.67,51.03,51.64,298877,Thursday,May,2017
5/26/2017,51.79,52.65,51.05,52.58,159617,Friday,May,2017
5/28/2017,52.5,52.8,52.5,52.62,268,Sunday,May,2017
5/29/2017,52.63,52.96,52.21,52.56,39031,Monday,May,2017
5/30/2017,52.59,52.69,51.6,52.19,141097,Tuesday,May,2017
5/31/2017,52.18,52.32,50.21,50.98,229161,Wednesday,May,2017
6/1/2017,51.17,51.45,50.23,50.4,233568,Thursday,Jun,2017
6/2/2017,50.23,50.52,48.95,49.95,239811,Friday,Jun,2017
6/4/2017,49.87,50.09,49.87,49.95,333,Sunday,Jun,2017
6/5/2017,49.96,50.74,49.04,49.48,170007,Monday,Jun,2017
6/6/2017,49.57,50.3,49,49.97,179622,Tuesday,Jun,2017
6/7/2017,49.97,50.14,47.96,48.2,256361,Wednesday,Jun,2017
6/8/2017,48.26,48.6,47.56,47.87,201137,Thursday,Jun,2017
6/9/2017,47.79,48.56,47.4,48.3,159725,Friday,Jun,2017
6/11/2017,48.06,48.35,48.03,48.33,289,Sunday,Jun,2017
6/12/2017,48.33,49.15,48.01,48.27,162424,Monday,Jun,2017
6/13/2017,48.32,48.82,47.87,48.23,148570,Tuesday,Jun,2017
6/14/2017,48.18,48.69,46.74,46.9,245841,Wednesday,Jun,2017
6/15/2017,46.8,47.2,46.7,46.79,145329,Thursday,Jun,2017
6/16/2017,46.82,47.61,46.81,47.27,113395,Friday,Jun,2017
6/18/2017,47.21,47.34,47.21,47.25,100,Sunday,Jun,2017
6/19/2017,47.28,47.76,46.77,46.81,124946,Monday,Jun,2017
6/20/2017,46.96,47.23,45.42,45.84,195463,Tuesday,Jun,2017
6/21/2017,45.89,46.63,44.35,44.78,206285,Wednesday,Jun,2017
6/22/2017,44.81,45.79,44.53,45.29,140597,Thursday,Jun,2017
6/23/2017,45.28,45.75,45.03,45.61,82797,Friday,Jun,2017
6/25/2017,45.71,46.1,45.71,45.98,903,Sunday,Jun,2017
6/26/2017,45.96,46.42,45.26,46.14,79215,Monday,Jun,2017
6/27/2017,46.1,47.3,46,46.46,115491,Tuesday,Jun,2017
6/28/2017,46.54,47.7,46.54,47.66,148517,Wednesday,Jun,2017
6/29/2017,47.61,48.27,47.34,47.5,172035,Thursday,Jun,2017
6/30/2017,47.6,49,47.6,48.94,174771,Friday,Jun,2017
7/2/2017,48.95,49,48.86,48.92,459,Sunday,Jul,2017
7/3/2017,48.94,49.71,48.54,49.6,145344,Monday,Jul,2017
7/4/2017,49.63,49.9,49.29,49.68,68406,Tuesday,Jul,2017
7/5/2017,49.67,49.84,47,48.34,240146,Wednesday,Jul,2017
7/6/2017,48.28,49.18,47.77,47.97,201144,Thursday,Jul,2017
7/7/2017,47.76,47.76,46.28,46.9,222223,Friday,Jul,2017
7/9/2017,47.04,47.07,46.86,46.88,350,Sunday,Jul,2017
7/10/2017,46.95,47.38,46.11,46.99,146808,Monday,Jul,2017
7/11/2017,46.99,48.21,46.29,48.1,172128,Tuesday,Jul,2017
7/12/2017,48.21,48.79,47.35,47.71,195304,Wednesday,Jul,2017
7/13/2017,47.7,48.53,47.18,48.37,139758,Thursday,Jul,2017
7/14/2017,48.37,49.11,48.15,49.09,147488,Friday,Jul,2017
7/16/2017,49.14,49.14,49.01,49.03,199,Sunday,Jul,2017
7/17/2017,49.04,49.26,48.31,48.37,113985,Monday,Jul,2017
7/18/2017,48.4,49.41,48.24,48.7,143694,Tuesday,Jul,2017
7/19/2017,48.71,49.81,48.58,49.57,165111,Wednesday,Jul,2017
7/20/2017,49.65,50.19,49.19,49.28,155467,Thursday,Jul,2017
7/21/2017,49.33,49.65,47.81,47.96,164513,Friday,Jul,2017
7/23/2017,47.93,48.06,47.93,48.03,270,Sunday,Jul,2017
7/24/2017,48.02,48.77,47.68,48.71,133619,Monday,Jul,2017
7/25/2017,48.64,51.03,48.63,50.84,151370,Tuesday,Jul,2017
7/26/2017,50.74,51.2,50.23,51.01,106689,Wednesday,Jul,2017
7/27/2017,51,51.67,50.58,51.63,129752,Thursday,Jul,2017
7/28/2017,51.58,52.35,51.33,52.32,153419,Friday,Jul,2017
7/30/2017,52.38,52.51,52.34,52.43,868,Sunday,Jul,2017
7/31/2017,52.42,52.9,51.78,52.68,182257,Monday,Jul,2017
8/1/2017,52.7,52.93,50.88,51.47,200989,Tuesday,Aug,2017
8/2/2017,51.38,52.43,51.18,52.29,184741,Wednesday,Aug,2017
8/3/2017,52.24,52.89,51.77,51.93,160510,Thursday,Aug,2017
8/4/2017,51.97,52.52,51.43,52.46,150967,Friday,Aug,2017
8/6/2017,52.39,52.53,52.38,52.42,104,Sunday,Aug,2017
8/7/2017,52.42,52.53,51.37,52.3,157288,Monday,Aug,2017
8/8/2017,52.24,52.73,51.82,51.99,140942,Tuesday,Aug,2017
8/9/2017,51.99,52.85,51.81,52.82,141519,Wednesday,Aug,2017
8/10/2017,52.72,53.64,51.67,51.82,215117,Thursday,Aug,2017
8/11/2017,51.94,52.28,51.3,52.05,146409,Friday,Aug,2017
8/13/2017,52.02,52.05,51.97,52.05,203,Sunday,Aug,2017
8/14/2017,52.05,52.38,50.55,50.62,160766,Monday,Aug,2017
8/15/2017,50.65,51.15,50.02,51,164529,Tuesday,Aug,2017
8/16/2017,50.98,51.4,50.15,50.4,157385,Wednesday,Aug,2017
8/17/2017,50.4,51.12,50,50.8,165677,Thursday,Aug,2017
8/18/2017,50.89,52.96,50.78,52.86,190850,Friday,Aug,2017
8/20/2017,52.9,52.9,52.77,52.8,53,Sunday,Aug,2017
8/21/2017,52.81,52.85,51.3,51.7,165857,Monday,Aug,2017
8/22/2017,51.78,52.28,51.39,51.67,147615,Tuesday,Aug,2017
8/23/2017,51.68,52.63,51.45,52.52,142490,Wednesday,Aug,2017
8/24/2017,52.55,52.71,51.61,52.13,123758,Thursday,Aug,2017
8/25/2017,52.3,52.68,51.91,51.91,108861,Friday,Aug,2017
8/27/2017,52.26,52.44,52.25,52.35,1416,Sunday,Aug,2017
8/28/2017,52.35,52.41,51.07,51.61,96309,Monday,Aug,2017
8/29/2017,51.54,51.79,50.98,51.6,135093,Tuesday,Aug,2017
8/30/2017,51.65,51.69,50.52,50.67,197737,Wednesday,Aug,2017
8/31/2017,50.53,52.9,50.49,52.77,258068,Thursday,Aug,2017
9/1/2017,52.84,52.95,52.24,52.69,152091,Friday,Sep,2017
9/3/2017,52.85,52.85,52.43,52.44,1065,Sunday,Sep,2017
9/4/2017,52.45,52.79,51.99,52.2,73820,Monday,Sep,2017
9/5/2017,52.3,53.66,52.09,53.19,180615,Tuesday,Sep,2017
9/6/2017,53.16,54.31,53.09,54.17,168636,Wednesday,Sep,2017
9/7/2017,54.13,54.67,53.89,54.5,162378,Thursday,Sep,2017
9/8/2017,54.54,54.87,53.57,53.75,166923,Friday,Sep,2017
9/10/2017,53.82,53.96,53.78,53.9,275,Sunday,Sep,2017
9/11/2017,53.91,54.14,53.05,53.93,139627,Monday,Sep,2017
9/12/2017,53.77,54.44,53.42,54.28,122652,Tuesday,Sep,2017
9/13/2017,54.18,55.21,54.03,55.08,140928,Wednesday,Sep,2017
9/14/2017,55.02,55.99,54.93,55.28,147177,Thursday,Sep,2017
9/15/2017,55.29,55.85,54.86,55.48,123136,Friday,Sep,2017
9/17/2017,55.59,55.59,55.47,55.51,128,Sunday,Sep,2017
9/18/2017,55.49,55.95,54.82,55.44,136077,Monday,Sep,2017
9/19/2017,55.48,55.89,54.89,55.4,116744,Tuesday,Sep,2017
9/20/2017,55.35,56.48,55.26,56.18,156910,Wednesday,Sep,2017
9/21/2017,56.17,56.53,55.76,56.45,102271,Thursday,Sep,2017
9/22/2017,56.5,56.91,56.22,56.9,92354,Friday,Sep,2017
9/24/2017,56.87,56.91,56.81,56.88,424,Sunday,Sep,2017
9/25/2017,56.89,59.25,56.7,58.52,123467,Monday,Sep,2017
9/26/2017,58.55,58.88,57.22,58.03,170502,Tuesday,Sep,2017
9/27/2017,58.11,58.34,57.25,57.32,165989,Wednesday,Sep,2017
9/28/2017,57.39,58.28,56.56,57.27,221079,Thursday,Sep,2017
9/29/2017,57.29,57.43,56.44,56.53,175274,Friday,Sep,2017
10/1/2017,56.73,56.76,56.6,56.72,647,Sunday,Oct,2017
10/2/2017,56.72,56.75,55.5,56.07,193277,Monday,Oct,2017
10/3/2017,56.1,56.4,55.7,55.72,144069,Tuesday,Oct,2017
10/4/2017,55.67,56.2,55.38,55.74,178069,Wednesday,Oct,2017
10/5/2017,55.77,57.24,55.7,56.99,172050,Thursday,Oct,2017
10/6/2017,56.99,57.28,55.13,55.68,220832,Friday,Oct,2017
10/8/2017,55.5,55.66,55.47,55.65,675,Sunday,Oct,2017
10/9/2017,55.64,55.98,55.06,55.77,142060,Monday,Oct,2017
10/10/2017,55.78,56.91,55.73,56.55,144595,Tuesday,Oct,2017
10/11/2017,56.56,57.09,56.14,56.67,149342,Wednesday,Oct,2017
10/12/2017,56.74,56.83,55.88,56.4,168657,Thursday,Oct,2017
10/13/2017,56.44,57.57,56.34,57.2,165931,Friday,Oct,2017
10/15/2017,57.28,57.9,57.12,57.75,2850,Sunday,Oct,2017
10/16/2017,57.75,58.47,57.53,57.92,170426,Monday,Oct,2017
10/17/2017,57.78,58.35,57.18,58.11,182415,Tuesday,Oct,2017
10/18/2017,58.16,58.54,57.74,58.2,146167,Wednesday,Oct,2017
10/19/2017,58.24,58.3,57.02,57.33,176187,Thursday,Oct,2017
10/20/2017,57.32,57.94,56.6,57.94,171989,Friday,Oct,2017
10/22/2017,57.95,58.05,57.92,57.98,473,Sunday,Oct,2017
10/23/2017,57.98,58.02,57.27,57.33,135819,Monday,Oct,2017
10/24/2017,57.41,58.57,57.04,58.53,155478,Tuesday,Oct,2017
10/25/2017,58.44,58.74,57.85,58.24,137285,Wednesday,Oct,2017
10/26/2017,58.22,59.29,57.84,59.22,93574,Thursday,Oct,2017
10/27/2017,59.14,60.35,58.58,60.21,170857,Friday,Oct,2017
10/29/2017,60.23,60.52,60.17,60.38,2484,Sunday,Oct,2017
10/30/2017,60.38,60.7,59.91,60.53,143265,Monday,Oct,2017
10/31/2017,60.55,61.19,60.25,61.18,167453,Tuesday,Oct,2017
11/1/2017,61.07,61.7,60,60.49,203419,Wednesday,Nov,2017
11/2/2017,60.5,60.86,60.02,60.62,156143,Thursday,Nov,2017
11/3/2017,60.88,62.23,60.6,62.07,163226,Friday,Nov,2017
11/5/2017,62.07,62.44,62.07,62.34,1714,Sunday,Nov,2017
11/6/2017,62.31,64.44,62.14,64.27,204292,Monday,Nov,2017
11/7/2017,64.12,64.65,63.5,63.69,194611,Tuesday,Nov,2017
11/8/2017,63.69,64.64,62.95,63.49,202794,Wednesday,Nov,2017
11/9/2017,63.52,64.25,63.26,63.93,163815,Thursday,Nov,2017
11/10/2017,63.8,64.27,63.35,63.52,140364,Friday,Nov,2017
11/12/2017,63.52,63.77,63.52,63.7,228,Sunday,Nov,2017
11/13/2017,63.68,63.7,62.61,63.16,149295,Monday,Nov,2017
11/14/2017,63.06,63.17,61.21,62.21,218101,Tuesday,Nov,2017
11/15/2017,61.55,62.13,61.3,61.87,139579,Wednesday,Nov,2017
11/16/2017,61.88,62.15,61.25,61.36,141262,Thursday,Nov,2017
11/17/2017,61.41,62.92,61.08,62.72,163150,Friday,Nov,2017
11/19/2017,62.72,62.8,62.52,62.54,480,Sunday,Nov,2017
11/20/2017,62.54,62.7,61.44,62.22,139737,Monday,Nov,2017
11/21/2017,62.1,62.87,62.07,62.57,137199,Tuesday,Nov,2017
11/22/2017,62.78,63.43,62.62,63.32,134864,Wednesday,Nov,2017
11/23/2017,63.24,63.57,62.88,63.55,52332,Thursday,Nov,2017
11/24/2017,63.35,63.95,63.28,63.86,77461,Friday,Nov,2017
11/26/2017,63.47,63.58,63.37,63.41,343,Sunday,Nov,2017
11/27/2017,63.41,63.52,62.7,63.38,85970,Monday,Nov,2017
11/28/2017,63.33,63.44,62.71,63.24,124358,Tuesday,Nov,2017
11/29/2017,63.02,63.59,61.93,62.53,218992,Wednesday,Nov,2017
11/30/2017,62.52,63.41,62.15,62.63,261489,Thursday,Nov,2017
12/1/2017,62.74,64.32,62.59,63.73,199684,Friday,Dec,2017
12/3/2017,63.5,63.68,63.48,63.58,369,Sunday,Dec,2017
12/4/2017,63.58,63.61,62.31,62.45,140144,Monday,Dec,2017
12/5/2017,62.45,63.15,62.12,62.86,131239,Tuesday,Dec,2017
12/6/2017,62.64,62.93,61.13,61.22,177150,Wednesday,Dec,2017
12/7/2017,61.3,62.26,61.15,62.2,124787,Thursday,Dec,2017
12/8/2017,62.08,63.64,62.01,63.4,172343,Friday,Dec,2017
12/10/2017,63.29,63.3,63.13,63.15,433,Sunday,Dec,2017
12/11/2017,63.16,64.93,62.99,64.69,176083,Monday,Dec,2017
12/12/2017,64.66,65.83,63.07,63.34,249573,Tuesday,Dec,2017
12/13/2017,63.8,64.32,62.36,62.44,173048,Wednesday,Dec,2017
12/14/2017,62.81,63.5,62.01,63.31,153499,Thursday,Dec,2017
12/15/2017,63.39,63.68,63.08,63.23,101689,Friday,Dec,2017
12/17/2017,63.36,63.39,63.29,63.32,196,Sunday,Dec,2017
12/18/2017,63.31,63.91,63,63.41,108489,Monday,Dec,2017
12/19/2017,63.41,63.91,63.3,63.8,81627,Tuesday,Dec,2017
12/20/2017,63.83,64.6,63.67,64.56,102982,Wednesday,Dec,2017
12/21/2017,64.49,64.93,64.2,64.9,84077,Thursday,Dec,2017
12/22/2017,64.63,65.28,64.38,65.25,57332,Friday,Dec,2017
12/26/2017,64.74,66.54,64.48,66.46,75186,Tuesday,Dec,2017
12/27/2017,66.19,66.38,65.46,65.99,107957,Wednesday,Dec,2017
12/28/2017,66.01,66.32,65.71,66.16,103478,Thursday,Dec,2017
12/29/2017,66.15,66.98,66.15,66.87,107269,Friday,Dec,2017
1/2/2018,66.55,67.29,66.24,66.57,108458,Tuesday,Jan,2018
1/3/2018,66.54,68.03,66.4,67.84,138501,Wednesday,Jan,2018
1/4/2018,67.89,68.27,67.62,68.07,135444,Thursday,Jan,2018
1/5/2018,67.97,68.11,67.26,67.62,105464,Friday,Jan,2018
1/7/2018,67.8,67.87,67.77,67.79,239,Sunday,Jan,2018
1/8/2018,67.78,67.99,67.44,67.78,101873,Monday,Jan,2018
1/9/2018,68,69.29,67.7,68.82,161832,Tuesday,Jan,2018
1/10/2018,69.12,69.37,68.75,69.2,142954,Wednesday,Jan,2018
1/11/2018,69.15,70.05,69,69.26,171282,Thursday,Jan,2018
1/12/2018,69.15,69.93,68.59,69.87,157523,Friday,Jan,2018
1/14/2018,69.88,69.91,69.67,69.72,264,Sunday,Jan,2018
1/15/2018,69.73,70.37,69.55,70.26,88489,Monday,Jan,2018
1/16/2018,70.05,70.13,68.83,69.15,171742,Tuesday,Jan,2018
1/17/2018,69.35,69.59,68.55,69.38,149880,Wednesday,Jan,2018
1/18/2018,69.53,69.63,68.8,69.31,126901,Thursday,Jan,2018
1/19/2018,69.01,69.08,68.28,68.61,160192,Friday,Jan,2018
1/21/2018,68.8,68.81,68.56,68.74,656,Sunday,Jan,2018
1/22/2018,68.76,69.51,68.39,69.03,133983,Monday,Jan,2018
1/23/2018,69.17,70.24,69.12,69.96,143806,Tuesday,Jan,2018
1/24/2018,69.97,70.94,69.54,70.53,140504,Wednesday,Jan,2018
1/25/2018,70.95,71.28,69.58,69.97,136169,Thursday,Jan,2018
1/26/2018,69.69,70.44,69.62,70.15,76120,Friday,Jan,2018
1/28/2018,70.18,70.18,69.99,70.1,335,Sunday,Jan,2018
1/29/2018,70.09,70.27,68.75,69.2,130211,Monday,Jan,2018
1/30/2018,69.01,69.1,68,68.52,172466,Tuesday,Jan,2018
